date,opened_at,closed_at,ticker,strategy,direction,entry,tp_price,exit,qty,pnl,status,duration_min
2026-04-06,2026-04-06T08:45:00-05:00,2026-04-06T08:52:00-05:00,EVTL,ORBState,short,2.3800,,2.4300,1046,-52.30,closed_no_tp,7.0
2026-04-06,2026-04-06T08:45:00-05:00,2026-04-06T15:00:00-05:00,CRML,ORBState,short,8.3000,,8.1050,298,58.11,open_eod,375.0
2026-04-06,2026-04-06T09:05:00-05:00,2026-04-06T15:00:00-05:00,IMAX,ORBState,short,39.7500,,39.3300,62,26.04,open_eod,355.0
2026-04-06,2026-04-06T09:06:00-05:00,2026-04-06T11:52:00-05:00,EVTL,BreakoutShortState,short,2.3600,2.2900,2.3400,1057,47.54,closed_with_tp,166.0
2026-04-06,2026-04-06T09:08:00-05:00,2026-04-06T15:00:00-05:00,VOR,ORBState,short,17.2200,,16.2900,144,133.92,open_eod,352.0
2026-04-06,2026-04-06T09:13:00-05:00,2026-04-06T10:17:00-05:00,RPAY,ORBState,short,2.6050,,2.6600,957,-52.64,closed_no_tp,64.0
2026-04-06,2026-04-06T09:15:00-05:00,2026-04-06T15:00:00-05:00,MRLN,ORBState,short,7.3700,,6.9150,222,101.01,open_eod,345.0
2026-04-06,2026-04-06T09:19:00-05:00,2026-04-06T10:03:00-05:00,ACHV,ORBState,short,3.1700,,3.2700,781,-78.10,closed_no_tp,44.0
2026-04-06,2026-04-06T09:21:00-05:00,2026-04-06T10:02:00-05:00,CADL,BreakoutLongState,long,5.1550,,5.1150,486,-19.44,closed_no_tp,41.0
2026-04-06,2026-04-06T09:22:00-05:00,2026-04-06T15:00:00-05:00,NN,ORBState,short,16.5800,,16.6200,150,-6.00,open_eod,338.0
2026-04-06,2026-04-06T09:23:00-05:00,2026-04-06T15:00:00-05:00,GRPN,ORBState,long,11.9100,12.1700,12.0600,210,43.05,open_eod,337.0
2026-04-06,2026-04-06T09:25:00-05:00,2026-04-06T15:00:00-05:00,SPIR,ORBState,short,15.6700,15.0150,15.5100,157,63.73,open_eod,335.0
2026-04-06,2026-04-06T09:52:00-05:00,2026-04-06T15:00:00-05:00,LGN,ORBState,short,54.8800,,55.0650,45,-8.32,open_eod,308.0
2026-04-06,2026-04-06T10:13:00-05:00,2026-04-06T11:20:00-05:00,FRMM,ORBState,short,2.5200,2.3436,2.3436,930,164.05,closed_with_tp,67.0
2026-04-06,2026-04-06T10:13:00-05:00,2026-04-06T15:00:00-05:00,SHMD,ORBState,short,5.0100,,5.1400,499,-64.87,open_eod,287.0
2026-04-06,2026-04-06T13:38:00-05:00,2026-04-06T15:00:00-05:00,CAR,ORBState,long,201.6300,,212.5650,12,131.22,open_eod,82.0
2026-04-06,2026-04-06T14:23:00-05:00,2026-04-06T15:00:00-05:00,OPTX,ORBState,short,8.8900,,9.1300,279,-66.96,open_eod,37.0
2026-04-07,2026-04-07T08:41:00-05:00,2026-04-07T08:45:00-05:00,CETX,ORBState,short,1.5350,1.4275,1.4275,1000,107.45,closed_with_tp,4.0
2026-04-07,2026-04-07T08:46:00-05:00,2026-04-07T15:00:00-05:00,PLUG,ORBState,short,2.5750,,2.5200,970,53.35,open_eod,374.0
2026-04-07,2026-04-07T08:51:00-05:00,2026-04-07T09:02:00-05:00,AIXI,ORBState,short,0.9749,,1.1800,1073,-220.07,closed_no_tp,11.0
2026-04-07,2026-04-07T09:51:00-05:00,2026-04-07T09:56:00-05:00,AIXI,BreakoutLongState,long,1.5500,1.6585,1.6585,952,103.29,closed_with_tp,5.0
2026-04-08,2026-04-08T08:41:00-05:00,2026-04-08T15:00:00-05:00,PLUG,ORBState,short,2.6250,,2.6500,950,-23.75,open_eod,379.0
2026-04-08,2026-04-08T08:41:00-05:00,2026-04-08T15:00:00-05:00,AAL,ORBState,short,11.8750,11.5550,11.4200,210,81.38,open_eod,379.0
2026-04-08,2026-04-08T08:42:00-05:00,2026-04-08T11:48:00-05:00,EEM,ORBState,short,60.6050,59.9989,60.5160,41,13.99,closed_with_tp,186.0
2026-04-08,2026-04-08T08:42:00-05:00,2026-04-08T11:50:00-05:00,WULF,ORBState,short,17.4300,,18.0600,142,-89.46,closed_no_tp,188.0
2026-04-08,2026-04-08T08:42:00-05:00,2026-04-08T13:41:00-05:00,NOK,ORBState,long,9.2550,9.4000,9.3700,270,35.10,closed_with_tp,299.0
2026-04-08,2026-04-08T08:43:00-05:00,2026-04-08T09:41:00-05:00,INTC,BreakoutLongState,long,56.0900,56.6509,57.1541,44,35.75,closed_with_tp,58.0
2026-04-08,2026-04-08T08:43:00-05:00,2026-04-08T09:56:00-05:00,BMNU,ORBState,short,2.0600,1.9158,1.9158,1210,174.48,closed_with_tp,73.0
2026-04-08,2026-04-08T08:44:00-05:00,2026-04-08T08:55:00-05:00,OMEX,ORBState,long,2.0800,,1.7400,588,-199.92,closed_no_tp,11.0
2026-04-08,2026-04-08T08:45:00-05:00,2026-04-08T15:00:00-05:00,VG,ORBState,long,13.7500,14.4350,14.4350,181,123.99,open_eod,375.0
2026-04-08,2026-04-08T08:47:00-05:00,2026-04-08T15:00:00-05:00,F,ORBState,long,12.1050,,12.2000,207,19.66,open_eod,373.0
2026-04-08,2026-04-08T08:52:00-05:00,2026-04-08T15:00:00-05:00,COMP,ORBState,long,7.5200,,7.4500,332,-23.24,open_eod,368.0
2026-04-08,2026-04-08T08:54:00-05:00,2026-04-08T10:03:00-05:00,TZA,ORBState,long,6.0100,6.1150,6.0850,417,37.52,closed_with_tp,69.0
2026-04-08,2026-04-08T09:00:00-05:00,2026-04-08T10:21:00-05:00,BMNG,ORBState,short,1.4100,1.3600,1.3700,1748,78.66,closed_with_tp,81.0
2026-04-08,2026-04-08T09:02:00-05:00,2026-04-08T15:00:00-05:00,PLTD,ORBState,long,7.4500,7.8200,7.7800,340,119.00,open_eod,358.0
2026-04-08,2026-04-08T09:39:00-05:00,2026-04-08T15:00:00-05:00,CCL,ORBState,short,28.2400,,28.0300,88,18.48,open_eod,321.0
2026-04-09,2026-04-09T08:43:00-05:00,2026-04-09T10:14:00-05:00,NIO,ORBState,short,6.5050,6.0496,6.0496,382,173.94,closed_with_tp,91.0
2026-04-09,2026-04-09T08:44:00-05:00,2026-04-09T09:46:00-05:00,EOSE,ORBState,long,5.2550,5.6229,5.6229,475,174.73,closed_with_tp,62.0
2026-04-09,2026-04-09T08:46:00-05:00,2026-04-09T11:26:00-05:00,AMZN,ORBState,long,225.6000,227.8900,231.5100,11,46.91,closed_with_tp,160.0
2026-04-09,2026-04-09T08:47:00-05:00,2026-04-09T15:00:00-05:00,PLTD,ORBState,long,8.2400,,8.3600,306,36.72,open_eod,373.0
2026-04-09,2026-04-09T09:01:00-05:00,2026-04-09T15:00:00-05:00,GGB,ORBState,long,4.0450,4.0854,4.1900,619,57.45,open_eod,359.0
2026-04-09,2026-04-09T09:23:00-05:00,2026-04-09T09:25:00-05:00,ONCO,ORBState,long,1.7700,1.8939,1.8939,909,112.63,closed_with_tp,2.0
2026-04-09,2026-04-09T09:37:00-05:00,2026-04-09T09:42:00-05:00,ONCO,BreakoutLongState,long,2.1000,2.2470,2.2470,999,146.85,closed_with_tp,5.0
2026-04-09,2026-04-09T10:29:00-05:00,2026-04-09T10:36:00-05:00,NIO,BreakoutShortState,short,6.0350,,6.0700,414,-14.49,closed_no_tp,7.0
2026-04-09,2026-04-09T11:01:00-05:00,2026-04-09T15:00:00-05:00,WULF,ORBState,long,19.1800,,19.0250,130,-20.15,open_eod,239.0
2026-04-10,2026-04-10T08:41:00-05:00,2026-04-10T09:00:00-05:00,NOW,BreakoutShortState,short,85.5200,84.6200,84.0800,29,34.20,closed_with_tp,19.0
2026-04-10,2026-04-10T08:43:00-05:00,2026-04-10T15:00:00-05:00,NIO,ORBState,long,6.3400,6.5800,6.4900,396,77.22,open_eod,377.0
2026-04-10,2026-04-10T08:46:00-05:00,2026-04-10T11:01:00-05:00,NVD,ORBState,short,6.6200,6.4900,6.4800,375,50.63,closed_with_tp,135.0
2026-04-10,2026-04-10T08:52:00-05:00,2026-04-10T15:00:00-05:00,SMCL,ORBState,long,2.0100,,2.0650,1262,69.41,open_eod,368.0
2026-04-10,2026-04-10T08:55:00-05:00,2026-04-10T09:31:00-05:00,CRWG,ORBState,long,3.7000,3.9590,3.9590,684,177.16,closed_with_tp,36.0
2026-04-10,2026-04-10T09:24:00-05:00,2026-04-10T10:08:00-05:00,IOVA,ORBState,short,3.6650,,3.9600,681,-200.89,closed_no_tp,44.0
2026-04-10,2026-04-10T09:38:00-05:00,2026-04-10T09:45:00-05:00,CRWG,BreakoutLongState,long,4.0800,4.1600,4.1000,618,30.90,closed_with_tp,7.0
2026-04-13,2026-04-13T08:39:00-05:00,2026-04-13T08:46:00-05:00,LEG,BreakoutLongState,long,11.1000,11.2110,11.1690,225,20.23,closed_with_tp,7.0
2026-04-13,2026-04-13T08:43:00-05:00,2026-04-13T09:46:00-05:00,NOK,ORBState,long,9.9000,10.1100,10.2300,252,68.04,closed_with_tp,63.0
2026-04-13,2026-04-13T08:44:00-05:00,2026-04-13T09:15:00-05:00,SNAP,ORBState,long,4.8500,4.9250,4.9400,517,42.66,closed_with_tp,31.0
2026-04-13,2026-04-13T08:47:00-05:00,2026-04-13T10:21:00-05:00,HPQ,ORBState,long,18.3700,18.5850,18.6750,136,35.36,closed_with_tp,94.0
2026-04-13,2026-04-13T09:44:00-05:00,2026-04-13T15:00:00-05:00,SMCL,ORBState,long,2.0500,2.1600,2.1800,1228,147.36,open_eod,316.0
2026-04-14,2026-04-14T08:40:00-05:00,2026-04-14T08:55:00-05:00,SMR,BreakoutLongState,long,11.1200,,10.7200,224,-89.60,closed_no_tp,15.0
2026-04-14,2026-04-14T08:44:00-05:00,2026-04-14T08:46:00-05:00,SNAL,ORBState,long,0.9532,1.0199,1.0199,998,66.59,closed_with_tp,2.0
2026-04-14,2026-04-14T08:44:00-05:00,2026-04-14T15:00:00-05:00,OWL,ORBState,long,8.9150,9.1800,9.1700,281,73.05,open_eod,376.0
2026-04-14,2026-04-14T08:45:00-05:00,2026-04-14T09:07:00-05:00,IONQ,BreakoutLongState,long,32.8900,33.5900,33.6000,76,53.58,closed_with_tp,22.0
2026-04-14,2026-04-14T08:52:00-05:00,2026-04-14T09:57:00-05:00,QBTS,ORBState,long,15.9000,17.0130,17.0130,158,175.85,closed_with_tp,65.0
2026-04-14,2026-04-14T08:52:00-05:00,2026-04-14T15:00:00-05:00,NVD,ORBState,short,6.1500,6.0100,5.9200,405,74.97,open_eod,368.0
2026-04-14,2026-04-14T08:53:00-05:00,2026-04-14T13:19:00-05:00,TSLG,ORBState,long,5.5800,5.6950,5.6650,448,44.80,closed_with_tp,266.0
2026-04-14,2026-04-14T08:55:00-05:00,2026-04-14T09:30:00-05:00,JBLU,ORBState,long,5.1000,5.1700,5.2600,491,56.51,closed_with_tp,35.0
2026-04-14,2026-04-14T08:59:00-05:00,2026-04-14T15:00:00-05:00,AAL,ORBState,long,12.1150,,12.1350,207,4.14,open_eod,361.0
2026-04-14,2026-04-14T09:03:00-05:00,2026-04-14T12:24:00-05:00,SNAP,ORBState,short,5.2400,,5.3700,477,-62.01,closed_no_tp,201.0
2026-04-14,2026-04-14T09:13:00-05:00,2026-04-14T15:00:00-05:00,SMCL,ORBState,long,2.3900,,2.3800,1059,-10.59,open_eod,347.0
2026-04-14,2026-04-14T09:21:00-05:00,2026-04-14T12:04:00-05:00,PLUG,ORBState,long,2.9500,,2.8850,847,-55.06,closed_no_tp,163.0
2026-04-14,2026-04-14T09:21:00-05:00,2026-04-14T15:00:00-05:00,TSLL,ORBState,long,11.3300,11.6500,11.5300,220,57.20,open_eod,339.0
2026-04-14,2026-04-14T10:16:00-05:00,2026-04-14T12:03:00-05:00,JBLU,BreakoutLongState,long,5.3300,5.4000,5.5200,469,61.03,closed_with_tp,107.0
2026-04-14,2026-04-14T13:19:00-05:00,2026-04-14T13:28:00-05:00,SNAL,BreakoutLongState,long,1.8750,2.0063,2.0063,655,85.97,closed_with_tp,9.0
2026-04-15,2026-04-15T08:41:00-05:00,2026-04-15T09:28:00-05:00,QBTS,ORBState,long,18.7950,20.1107,20.1107,133,174.98,closed_with_tp,47.0
2026-04-15,2026-04-15T08:41:00-05:00,2026-04-15T11:07:00-05:00,IONQ,ORBState,long,39.9700,42.7679,42.7679,63,176.27,closed_with_tp,146.0
2026-04-15,2026-04-15T08:41:00-05:00,2026-04-15T11:15:00-05:00,RGTI,ORBState,long,17.9900,19.2493,19.2493,139,175.04,closed_with_tp,154.0
2026-04-15,2026-04-15T08:42:00-05:00,2026-04-15T09:57:00-05:00,TSLL,ORBState,long,11.7200,12.5404,12.5404,213,174.75,closed_with_tp,75.0
2026-04-15,2026-04-15T08:44:00-05:00,2026-04-15T08:58:00-05:00,BMNU,ORBState,short,1.9800,,2.0600,1259,-100.72,closed_no_tp,14.0
2026-04-15,2026-04-15T08:44:00-05:00,2026-04-15T10:26:00-05:00,SNAP,ORBState,short,5.8500,,6.0950,425,-104.13,closed_no_tp,102.0
2026-04-15,2026-04-15T08:45:00-05:00,2026-04-15T09:00:00-05:00,BMNG,ORBState,short,1.3700,,1.4300,1811,-108.66,closed_no_tp,15.0
2026-04-15,2026-04-15T08:46:00-05:00,2026-04-15T09:58:00-05:00,TSLG,ORBState,long,5.7900,6.1953,6.1953,431,174.68,closed_with_tp,72.0
2026-04-15,2026-04-15T09:04:00-05:00,2026-04-15T15:00:00-05:00,WULF,ORBState,short,19.5000,,19.6900,127,-24.13,open_eod,356.0
2026-04-15,2026-04-15T09:11:00-05:00,2026-04-15T15:00:00-05:00,OWL,ORBState,long,9.7300,,9.9250,258,50.31,open_eod,349.0
2026-04-15,2026-04-15T10:02:00-05:00,2026-04-15T10:45:00-05:00,TSLL,BreakoutLongState,long,12.6550,12.7815,13.2934,197,75.61,closed_with_tp,43.0
2026-04-15,2026-04-15T10:14:00-05:00,2026-04-15T10:47:00-05:00,TSLG,BreakoutLongState,long,6.2700,6.3327,6.5473,400,68.00,closed_with_tp,33.0
2026-04-15,2026-04-15T14:06:00-05:00,2026-04-15T14:58:00-05:00,BMNU,BreakoutLongState,long,2.1400,2.1614,2.1886,1170,40.95,closed_with_tp,52.0
2026-04-16,2026-04-16T08:41:00-05:00,2026-04-16T15:00:00-05:00,INTC,ORBState,long,66.7700,,68.4800,37,63.27,open_eod,379.0
2026-04-16,2026-04-16T09:28:00-05:00,2026-04-16T09:34:00-05:00,ONFO,ORBState,long,1.7550,1.8779,1.8779,283,34.77,closed_with_tp,6.0
2026-04-16,2026-04-16T09:47:00-05:00,2026-04-16T15:00:00-05:00,AMDD,ORBState,short,6.7000,6.4900,6.4750,372,80.91,open_eod,313.0
2026-04-16,2026-04-16T10:24:00-05:00,2026-04-16T15:00:00-05:00,HIMS,ORBState,long,26.3450,,26.9800,95,60.33,open_eod,276.0
2026-04-17,2026-04-17T08:42:00-05:00,2026-04-17T09:04:00-05:00,TZA,ORBState,long,5.2100,,5.1600,480,-24.00,closed_no_tp,22.0
2026-04-17,2026-04-17T08:43:00-05:00,2026-04-17T11:10:00-05:00,CIFR,ORBState,short,17.0750,,18.0000,146,-135.05,closed_no_tp,147.0
2026-04-17,2026-04-17T08:45:00-05:00,2026-04-17T15:00:00-05:00,ERIC,ORBState,short,11.6500,,11.3800,214,57.78,open_eod,375.0
2026-04-17,2026-04-17T08:45:00-05:00,2026-04-17T15:00:00-05:00,COMP,ORBState,long,7.8500,8.0350,8.1350,318,74.73,open_eod,375.0
2026-04-17,2026-04-17T08:46:00-05:00,2026-04-17T10:12:00-05:00,BMNG,ORBState,long,1.6700,1.7300,1.6900,1515,60.58,closed_with_tp,86.0
2026-04-17,2026-04-17T08:47:00-05:00,2026-04-17T09:08:00-05:00,SOXS,ORBState,long,19.6900,,19.1850,127,-64.14,closed_no_tp,21.0
2026-04-17,2026-04-17T08:55:00-05:00,2026-04-17T10:17:00-05:00,AMC,ORBState,long,1.6800,1.7976,1.7976,1488,174.99,closed_with_tp,82.0
2026-04-17,2026-04-17T09:00:00-05:00,2026-04-17T09:12:00-05:00,RIG,BreakoutShortState,short,5.9600,,5.9900,419,-12.57,closed_no_tp,12.0
2026-04-17,2026-04-17T09:02:00-05:00,2026-04-17T13:12:00-05:00,DRIP,ORBState,long,5.4300,,5.2700,461,-73.76,closed_no_tp,250.0
2026-04-17,2026-04-17T09:11:00-05:00,2026-04-17T15:00:00-05:00,CCL,ORBState,long,29.9000,,29.2100,83,-57.27,open_eod,349.0
2026-04-17,2026-04-17T09:38:00-05:00,2026-04-17T12:24:00-05:00,TSLL,ORBState,long,13.7700,14.2800,13.9150,181,59.10,closed_with_tp,166.0
2026-04-17,2026-04-17T09:38:00-05:00,2026-04-17T12:26:00-05:00,TSLG,ORBState,long,6.8000,7.0600,6.8400,369,55.24,closed_with_tp,168.0
2026-04-17,2026-04-17T09:39:00-05:00,2026-04-17T10:00:00-05:00,TZA,BreakoutShortState,short,5.0450,,5.0700,495,-12.38,closed_no_tp,21.0
2026-04-17,2026-04-17T09:41:00-05:00,2026-04-17T15:00:00-05:00,SOXS,BreakoutShortState,short,19.1100,,18.8700,130,31.20,open_eod,319.0
2026-04-17,2026-04-17T09:58:00-05:00,2026-04-17T15:00:00-05:00,NFLX,ORBState,long,98.3900,,97.2800,25,-27.75,open_eod,302.0
2026-04-17,2026-04-17T13:24:00-05:00,2026-04-17T13:37:00-05:00,CIFR,BreakoutLongState,long,18.5750,,18.4800,134,-12.73,closed_no_tp,13.0
