Date,Time,Symbol,Side,Quantity,Price,Commission
2026-01-02,08:44:00,CRML,B,335,7.5400,0
2026-01-02,08:54:00,CRML,S,167,7.8416,0
2026-01-02,08:54:00,CRML,S,168,7.7946,0
2026-01-02,08:44:00,BZAI,B,1262,1.9950,0
2026-01-02,09:32:00,BZAI,S,631,2.0748,0
2026-01-02,09:32:00,BZAI,S,631,2.0551,0
2026-01-02,09:02:00,CRML,B,316,7.8900,0
2026-01-02,09:13:00,CRML,S,316,7.6700,0
2026-01-02,09:13:00,RPAY,S,685,3.6450,0
2026-01-02,10:35:00,RPAY,B,685,3.6800,0
2026-01-02,09:15:00,IMAX,S,69,35.7650,0
2026-01-02,09:24:00,IMAX,B,69,36.0300,0
2026-01-02,09:21:00,VOR,S,185,12.3300,0
2026-01-02,11:42:00,VOR,B,92,11.8368,0
2026-01-02,11:42:00,VOR,B,93,11.8833,0
2026-01-02,09:21:00,NEXA,S,277,8.9700,0
2026-01-02,15:00:00,NEXA,B,277,8.8050,0
2026-01-02,09:25:00,IMSR,B,395,6.3400,0
2026-01-02,15:00:00,IMSR,S,395,6.5150,0
2026-01-02,09:35:00,PARR,B,69,35.7900,0
2026-01-02,15:00:00,PARR,S,69,35.7950,0
2026-01-02,09:40:00,FRMM,B,487,5.1400,0
2026-01-02,10:45:00,FRMM,S,487,5.1000,0
2026-01-02,09:42:00,EVTL,B,452,5.5650,0
2026-01-02,14:57:00,EVTL,S,226,5.7876,0
2026-01-02,14:57:00,EVTL,S,226,5.8293,0
2026-01-02,10:01:00,GRPN,S,144,17.3050,0
2026-01-02,10:02:00,GRPN,B,144,17.3450,0
2026-01-02,10:01:00,SPIR,B,326,7.6600,0
2026-01-02,15:00:00,SPIR,S,326,7.8050,0
2026-01-02,10:05:00,NKTX,B,1326,1.8950,0
2026-01-02,12:16:00,NKTX,S,1326,1.8500,0
2026-01-02,10:11:00,MXL,S,139,17.9800,0
2026-01-02,14:14:00,MXL,B,139,18.3600,0
2026-01-02,10:18:00,NN,B,150,16.6600,0
2026-01-02,10:58:00,NN,S,150,16.2000,0
2026-01-02,10:43:00,ELDN,B,1582,1.5850,0
2026-01-02,15:00:00,ELDN,S,1582,1.6200,0
2026-01-02,14:44:00,IFRX,B,2293,1.1150,0
2026-01-02,15:00:00,IFRX,S,2293,1.0950,0
2026-01-05,08:41:00,SLV,S,36,68.7100,0
2026-01-05,08:52:00,SLV,B,36,69.4500,0
2026-01-05,08:41:00,ACHR,B,300,8.3300,0
2026-01-05,14:07:00,ACHR,S,150,8.6632,0
2026-01-05,14:07:00,ACHR,S,150,8.7367,0
2026-01-05,08:41:00,RKT,B,122,20.4800,0
2026-01-05,14:30:00,RKT,S,61,21.2992,0
2026-01-05,14:30:00,RKT,S,61,21.2202,0
2026-01-05,08:41:00,NIO,S,506,4.9350,0
2026-01-05,15:00:00,NIO,B,506,4.8650,0
2026-01-05,08:43:00,HAL,S,79,31.5950,0
2026-01-05,09:25:00,HAL,B,79,32.2000,0
2026-01-05,08:44:00,ASST,B,2551,0.9840,0
2026-01-05,13:00:00,ASST,S,1275,1.0234,0
2026-01-05,13:00:00,ASST,S,1276,1.0150,0
2026-01-05,08:46:00,ONDS,B,219,11.4500,0
2026-01-05,12:57:00,ONDS,S,109,11.9080,0
2026-01-05,12:57:00,ONDS,S,110,12.1107,0
2026-01-05,08:48:00,NU,B,143,17.3850,0
2026-01-05,13:57:00,NU,S,71,18.0804,0
2026-01-05,13:57:00,NU,S,72,17.9611,0
2026-01-05,08:53:00,CVE,S,154,16.1600,0
2026-01-05,12:28:00,CVE,B,154,16.4100,0
2026-01-05,08:59:00,PLUG,S,1108,2.2500,0
2026-01-05,09:52:00,PLUG,B,1108,2.3050,0
2026-01-05,09:05:00,BTCZ,S,683,3.6600,0
2026-01-05,15:00:00,BTCZ,B,683,3.5950,0
2026-01-05,09:06:00,SLB,S,58,42.9300,0
2026-01-05,09:24:00,SLB,B,58,43.8050,0
2026-01-05,09:35:00,HAL,B,77,32.4500,0
2026-01-05,09:37:00,HAL,S,77,32.2900,0
2026-01-05,09:35:00,SLB,B,56,44.3600,0
2026-01-05,09:57:00,SLB,S,56,44.1450,0
2026-01-05,09:58:00,SLV,B,35,69.9900,0
2026-01-05,10:07:00,SLV,S,35,69.4800,0
2026-01-05,13:50:00,PLUG,B,1043,2.3950,0
2026-01-05,14:36:00,PLUG,S,1043,2.3700,0
2026-01-05,13:55:00,ONDS,B,203,12.3150,0
2026-01-05,14:06:00,ONDS,S,203,12.2200,0
2026-01-06,08:41:00,SOFI,S,88,28.1850,0
2026-01-06,09:17:00,SOFI,B,44,27.0576,0
2026-01-06,09:17:00,SOFI,B,44,27.3218,0
2026-01-06,08:41:00,SNAP,B,297,8.4500,0
2026-01-06,10:33:00,SNAP,S,148,8.7880,0
2026-01-06,10:33:00,SNAP,S,149,8.7155,0
2026-01-06,08:41:00,ZSL,S,612,4.0800,0
2026-01-06,12:26:00,ZSL,B,306,3.9168,0
2026-01-06,12:26:00,ZSL,B,306,3.9208,0
2026-01-06,08:41:00,TSLL,S,138,18.0950,0
2026-01-06,12:45:00,TSLL,B,69,17.3712,0
2026-01-06,12:45:00,TSLL,B,69,17.4760,0
2026-01-06,08:43:00,CDE,S,133,18.6900,0
2026-01-06,08:54:00,CDE,B,133,18.9900,0
2026-01-06,08:45:00,SOXS,S,1000,2.4900,0
2026-01-06,09:08:00,SOXS,B,500,2.3904,0
2026-01-06,09:08:00,SOXS,B,500,2.4149,0
2026-01-06,08:45:00,SLV,B,34,72.2900,0
2026-01-06,15:00:00,SLV,S,34,73.7150,0
2026-01-06,09:23:00,BBAI,B,410,6.1200,0
2026-01-06,15:00:00,BBAI,S,205,6.3648,0
2026-01-06,15:00:00,BBAI,S,205,6.4100,0
2026-01-06,09:24:00,SOFI,S,92,27.0400,0
2026-01-06,15:00:00,SOFI,B,92,26.9900,0
2026-01-06,09:41:00,CDE,B,130,19.1650,0
2026-01-06,15:00:00,CDE,S,130,19.6300,0
2026-01-07,08:39:00,INTC,B,60,41.5500,0
2026-01-07,09:33:00,INTC,S,30,43.2120,0
2026-01-07,09:33:00,INTC,S,30,44.1545,0
2026-01-07,08:41:00,LUCY,S,952,1.7300,0
2026-01-07,08:49:00,LUCY,B,952,1.9400,0
2026-01-07,08:45:00,COMP,S,218,11.4300,0
2026-01-07,10:03:00,COMP,B,218,12.0100,0
2026-01-07,09:00:00,OPEN,S,374,6.6750,0
2026-01-07,11:50:00,OPEN,B,187,6.4080,0
2026-01-07,11:50:00,OPEN,B,187,6.3967,0
2026-01-07,13:07:00,OPEN,S,413,6.0500,0
2026-01-07,13:08:00,OPEN,B,413,6.0950,0
2026-01-08,08:42:00,ONDS,B,137,14.6600,0
2026-01-08,15:00:00,ONDS,S,137,14.0000,0
2026-01-08,08:43:00,SOXS,B,986,2.5600,0
2026-01-08,15:00:00,SOXS,S,986,2.5800,0
2026-01-09,08:43:00,INTC,B,58,42.9400,0
2026-01-09,08:52:00,INTC,S,29,44.6576,0
2026-01-09,08:52:00,INTC,S,29,44.2506,0
2026-01-09,08:44:00,SOXS,S,1016,2.4550,0
2026-01-09,14:51:00,SOXS,B,508,2.3568,0
2026-01-09,14:51:00,SOXS,B,508,2.3396,0
2026-01-09,08:45:00,UWMC,B,483,5.1700,0
2026-01-09,11:42:00,UWMC,S,241,5.3768,0
2026-01-09,11:42:00,UWMC,S,242,5.3866,0
2026-01-09,08:49:00,PLUG,S,1121,2.2300,0
2026-01-09,15:00:00,PLUG,B,1121,2.1900,0
2026-01-09,08:55:00,INTC,B,55,44.6800,0
2026-01-09,09:08:00,INTC,S,55,44.2200,0
2026-01-09,09:19:00,OPEN,B,332,7.5200,0
2026-01-09,10:35:00,OPEN,S,166,7.8208,0
2026-01-09,10:35:00,OPEN,S,166,7.7379,0
2026-01-12,08:50:00,ASST,B,2475,1.0100,0
2026-01-12,10:11:00,ASST,S,1237,1.0504,0
2026-01-12,10:11:00,ASST,S,1238,1.0499,0
2026-01-12,09:07:00,ZSL,S,732,3.4150,0
2026-01-12,15:00:00,ZSL,B,732,3.4350,0
2026-01-12,09:12:00,SLV,B,32,77.3950,0
2026-01-12,15:00:00,SLV,S,32,77.2150,0
2026-01-12,09:19:00,EVTV,B,909,1.2700,0
2026-01-12,09:19:00,EVTV,S,454,1.3208,0
2026-01-12,09:19:00,EVTV,S,455,1.2986,0
2026-01-12,09:21:00,KWEB,B,67,37.1400,0
2026-01-12,15:00:00,KWEB,S,67,37.6300,0
2026-01-12,09:33:00,EVTV,B,1628,1.5350,0
2026-01-12,09:35:00,EVTV,S,814,1.5964,0
2026-01-12,09:35:00,EVTV,S,814,1.5584,0
2026-01-13,08:41:00,XAIR,B,634,1.7100,0
2026-01-13,08:53:00,XAIR,S,317,1.7784,0
2026-01-13,08:53:00,XAIR,S,317,1.8679,0
2026-01-13,09:01:00,INTC,B,53,46.6800,0
2026-01-13,15:00:00,INTC,S,53,47.2800,0
2026-01-13,11:20:00,ONDS,B,178,14.0000,0
2026-01-13,15:00:00,ONDS,S,178,13.9000,0
2026-01-14,08:42:00,INFY,B,135,18.4700,0
2026-01-14,08:55:00,INFY,S,67,19.2088,0
2026-01-14,08:55:00,INFY,S,68,19.1703,0
2026-01-14,08:42:00,SLV,S,30,82.3100,0
2026-01-14,09:42:00,SLV,B,30,83.2900,0
2026-01-14,08:43:00,ZSL,B,834,3.0100,0
2026-01-14,10:19:00,ZSL,S,834,2.9050,0
2026-01-14,08:44:00,UVIX,B,416,6.0550,0
2026-01-14,09:12:00,UVIX,S,416,5.9000,0
2026-01-14,08:47:00,ETHA,B,99,25.2300,0
2026-01-14,15:00:00,ETHA,S,99,25.5900,0
2026-01-14,08:58:00,FNGD,B,458,5.4800,0
2026-01-14,15:00:00,FNGD,S,458,5.5150,0
2026-01-14,09:05:00,INFY,B,129,19.3550,0
2026-01-14,09:16:00,INFY,S,129,18.9800,0
2026-01-14,09:12:00,BTCZ,S,736,3.3800,0
2026-01-14,15:00:00,BTCZ,B,736,3.3200,0
2026-01-14,10:18:00,SLV,B,29,83.3600,0
2026-01-14,10:35:00,SLV,S,29,82.9100,0
2026-01-14,13:58:00,ZSL,S,872,2.8650,0
2026-01-14,15:00:00,ZSL,B,872,2.8250,0
2026-01-15,08:41:00,AUID,S,606,1.7900,0
2026-01-15,09:19:00,AUID,B,606,2.1200,0
2026-01-15,08:45:00,SOXS,S,1216,2.0500,0
2026-01-15,09:29:00,SOXS,B,1216,2.1050,0
2026-01-15,08:45:00,ONDS,S,187,13.3500,0
2026-01-15,12:41:00,ONDS,B,187,13.7450,0
2026-01-15,08:46:00,IBRX,B,512,3.4700,0
2026-01-15,10:54:00,IBRX,S,256,3.6088,0
2026-01-15,10:54:00,IBRX,S,256,3.6555,0
2026-01-16,08:41:00,SMCI,B,81,30.5750,0
2026-01-16,08:55:00,SMCI,S,40,31.7980,0
2026-01-16,08:55:00,SMCI,S,41,31.6442,0
2026-01-16,08:41:00,RIOT,B,138,18.2400,0
2026-01-16,12:41:00,RIOT,S,69,18.9696,0
2026-01-16,12:41:00,RIOT,S,69,18.8576,0
2026-01-16,08:44:00,NEXR,B,1142,1.4050,0
2026-01-16,08:44:00,NEXR,S,571,1.4612,0
2026-01-16,08:44:00,NEXR,S,571,1.4610,0
2026-01-16,08:49:00,ZSL,S,814,3.0600,0
2026-01-16,09:24:00,ZSL,B,814,3.1400,0
2026-01-16,08:51:00,ONDS,S,187,13.3550,0
2026-01-16,10:17:00,ONDS,B,93,12.8208,0
2026-01-16,10:17:00,ONDS,B,94,12.6516,0
2026-01-16,09:02:00,SMCI,B,78,31.9500,0
2026-01-16,09:30:00,SMCI,S,78,31.5500,0
2026-01-16,09:05:00,IBRX,B,370,4.9400,0
2026-01-16,09:17:00,IBRX,S,185,5.1376,0
2026-01-16,09:17:00,IBRX,S,185,5.1164,0
2026-01-16,09:20:00,NEXR,B,689,1.8400,0
2026-01-16,09:23:00,NEXR,S,344,1.9136,0
2026-01-16,09:23:00,NEXR,S,345,1.8504,0
2026-01-16,14:55:00,RIOT,B,129,19.2350,0
2026-01-16,15:00:00,RIOT,S,129,19.2250,0
2026-01-20,08:46:00,VOR,B,157,16.0100,0
2026-01-20,08:51:00,VOR,S,78,16.6504,0
2026-01-20,08:51:00,VOR,S,79,16.5299,0
2026-01-20,08:47:00,CRML,S,120,17.3100,0
2026-01-20,08:52:00,CRML,B,60,16.6176,0
2026-01-20,08:52:00,CRML,B,60,17.0248,0
2026-01-20,08:52:00,NEXA,B,206,12.1700,0
2026-01-20,15:00:00,NEXA,S,103,12.6568,0
2026-01-20,15:00:00,NEXA,S,103,12.6300,0
2026-01-20,08:54:00,BMEA,B,1838,1.3850,0
2026-01-20,15:00:00,BMEA,S,1838,1.3850,0
2026-01-20,08:56:00,BZAI,S,1165,2.1250,0
2026-01-20,15:00:00,BZAI,B,1165,2.0700,0
2026-01-20,08:56:00,ELDN,B,1136,2.2100,0
2026-01-20,15:00:00,ELDN,S,1136,2.2000,0
2026-01-20,09:02:00,PARR,S,68,36.5500,0
2026-01-20,15:00:00,PARR,B,68,36.8600,0
2026-01-20,09:04:00,MXL,B,129,19.3100,0
2026-01-20,13:31:00,MXL,S,129,18.9950,0
2026-01-20,09:05:00,FRMM,S,482,5.1500,0
2026-01-20,09:44:00,FRMM,B,482,5.2300,0
2026-01-20,09:05:00,IFRX,S,2604,0.9401,0
2026-01-20,10:36:00,IFRX,B,2604,0.9950,0
2026-01-20,09:22:00,LGN,B,51,48.7500,0
2026-01-20,13:30:00,LGN,S,51,47.7050,0
2026-01-20,09:30:00,VOR,B,145,17.2800,0
2026-01-20,09:42:00,VOR,S,72,17.9712,0
2026-01-20,09:42:00,VOR,S,73,18.0022,0
2026-01-20,09:31:00,IMSR,S,229,10.8750,0
2026-01-20,11:07:00,IMSR,B,229,11.1900,0
2026-01-20,09:39:00,CADL,B,393,6.3500,0
2026-01-20,13:15:00,CADL,S,393,6.0850,0
2026-01-20,09:39:00,GRPN,B,156,16.1650,0
2026-01-20,15:00:00,GRPN,S,156,16.2050,0
2026-01-20,09:49:00,GPRE,S,230,10.8300,0
2026-01-20,15:00:00,GPRE,B,230,11.1350,0
2026-01-20,09:57:00,ACHV,B,440,5.6800,0
2026-01-20,10:07:00,ACHV,S,440,5.6600,0
2026-01-20,10:00:00,IMAX,B,66,37.6900,0
2026-01-20,11:33:00,IMAX,S,66,37.3950,0
2026-01-20,10:41:00,LZM,B,425,5.9100,0
2026-01-20,15:00:00,LZM,S,425,5.6850,0
2026-01-20,12:55:00,EVTL,S,435,5.7400,0
2026-01-20,15:00:00,EVTL,B,435,5.7400,0
2026-01-20,12:58:00,SHMD,B,285,8.7550,0
2026-01-20,13:22:00,SHMD,S,142,9.1052,0
2026-01-20,13:22:00,SHMD,S,143,9.4011,0
2026-01-20,14:39:00,XNDU,S,224,11.1100,0
2026-01-20,15:00:00,XNDU,B,224,11.1200,0
2026-01-20,14:59:00,NNBR,B,1666,1.5000,0
2026-01-20,15:00:00,NNBR,S,1666,1.5000,0
2026-01-21,08:41:00,PBR,B,189,13.1850,0
2026-01-21,15:00:00,PBR,S,189,13.5200,0
2026-01-21,08:43:00,TE,S,303,8.2500,0
2026-01-21,08:49:00,TE,B,303,8.4650,0
2026-01-21,08:44:00,SOXS,S,1207,2.0650,0
2026-01-21,10:33:00,SOXS,B,603,1.9824,0
2026-01-21,10:33:00,SOXS,B,604,1.9607,0
2026-01-21,08:44:00,INTC,B,47,52.2500,0
2026-01-21,15:00:00,INTC,S,23,54.3400,0
2026-01-21,15:00:00,INTC,S,24,54.2500,0
2026-01-21,08:45:00,IBRX,B,384,6.2400,0
2026-01-21,09:24:00,IBRX,S,192,6.4896,0
2026-01-21,09:24:00,IBRX,S,192,6.4004,0
2026-01-21,08:46:00,NVD,S,326,7.6500,0
2026-01-21,10:28:00,NVD,B,163,7.3440,0
2026-01-21,10:28:00,NVD,B,163,7.3865,0
2026-01-21,08:48:00,UVIX,S,400,6.1800,0
2026-01-21,09:16:00,UVIX,B,200,5.9328,0
2026-01-21,09:16:00,UVIX,B,200,5.9775,0
2026-01-21,08:48:00,TZA,S,415,6.0000,0
2026-01-21,10:52:00,TZA,B,415,6.0600,0
2026-01-21,08:52:00,TSDD,S,290,8.6000,0
2026-01-21,11:13:00,TSDD,B,290,8.7000,0
2026-01-21,08:53:00,TSLG,B,307,8.1700,0
2026-01-21,14:06:00,TSLG,S,153,8.4968,0
2026-01-21,14:06:00,TSLG,S,154,8.6283,0
2026-01-21,09:51:00,UVIX,S,426,5.8650,0
2026-01-21,10:23:00,UVIX,B,426,5.9700,0
2026-01-21,13:43:00,TSDD,S,311,8.0100,0
2026-01-21,14:05:00,TSDD,B,311,8.0700,0
2026-01-21,14:00:00,NVD,S,348,7.1700,0
2026-01-21,14:07:00,NVD,B,348,7.2300,0
2026-01-21,14:09:00,SOXS,S,1302,1.9200,0
2026-01-21,14:21:00,SOXS,B,1302,1.9350,0
2026-01-22,08:42:00,CDE,B,102,24.4100,0
2026-01-22,09:25:00,CDE,S,51,25.3864,0
2026-01-22,09:25:00,CDE,S,51,25.1809,0
2026-01-22,08:42:00,HBAN,S,139,17.9000,0
2026-01-22,15:00:00,HBAN,B,139,17.6600,0
2026-01-22,08:44:00,PLUG,B,1052,2.3900,0
2026-01-22,08:58:00,PLUG,S,526,2.4856,0
2026-01-22,08:58:00,PLUG,S,526,2.4811,0
2026-01-22,08:55:00,DUST,S,489,5.0900,0
2026-01-22,10:32:00,DUST,B,244,4.8864,0
2026-01-22,10:32:00,DUST,B,245,4.8809,0
2026-01-22,08:55:00,TSDD,S,308,8.0900,0
2026-01-22,12:28:00,TSDD,B,154,7.7664,0
2026-01-22,12:28:00,TSDD,B,154,7.6959,0
2026-01-22,08:56:00,JDST,S,1420,1.7500,0
2026-01-22,10:31:00,JDST,B,710,1.6800,0
2026-01-22,10:31:00,JDST,B,710,1.6475,0
2026-01-22,09:09:00,ZSL,B,909,2.7500,0
2026-01-22,09:26:00,ZSL,S,909,2.7100,0
2026-01-22,09:09:00,PLUG,B,998,2.5050,0
2026-01-22,09:36:00,PLUG,S,998,2.4500,0
2026-01-22,09:21:00,TSLG,B,290,8.6400,0
2026-01-22,12:26:00,TSLG,S,145,8.9856,0
2026-01-22,12:26:00,TSLG,S,145,9.0236,0
2026-01-22,09:23:00,BTG,B,480,5.2100,0
2026-01-22,15:00:00,BTG,S,480,5.2000,0
2026-01-23,08:44:00,SLV,B,27,90.3700,0
2026-01-23,08:59:00,SLV,S,27,89.9300,0
2026-01-23,08:50:00,TZA,B,428,5.8500,0
2026-01-23,15:00:00,TZA,S,428,6.0300,0
2026-01-23,08:52:00,INTC,S,54,45.9200,0
2026-01-23,15:00:00,INTC,B,54,45.0650,0
2026-01-23,09:11:00,ZSL,S,1043,2.3950,0
2026-01-23,15:00:00,ZSL,B,521,2.2992,0
2026-01-23,15:00:00,ZSL,B,522,2.2500,0
2026-01-26,08:41:00,USAR,S,83,29.9200,0
2026-01-26,08:49:00,USAR,B,41,28.7232,0
2026-01-26,08:49:00,USAR,B,42,28.8492,0
2026-01-26,08:41:00,INTC,S,57,43.1550,0
2026-01-26,15:00:00,INTC,B,57,42.4850,0
2026-01-26,08:42:00,DNN,B,621,4.0250,0
2026-01-26,09:10:00,DNN,S,621,3.9050,0
2026-01-26,08:42:00,TSLG,S,285,8.7300,0
2026-01-26,15:00:00,TSLG,B,285,8.5800,0
2026-01-26,08:49:00,PSLV,B,69,36.0300,0
2026-01-26,11:25:00,PSLV,S,34,37.4712,0
2026-01-26,11:25:00,PSLV,S,35,37.2147,0
2026-01-26,08:50:00,SLV,B,24,100.2450,0
2026-01-26,11:24:00,SLV,S,12,104.2548,0
2026-01-26,11:24:00,SLV,S,12,103.8175,0
2026-01-26,08:53:00,ZSL,S,1302,1.9000,0
2026-01-26,10:01:00,ZSL,B,651,1.8240,0
2026-01-26,10:01:00,ZSL,B,651,1.8340,0
2026-01-26,10:17:00,DNN,S,657,3.8000,0
2026-01-26,10:52:00,DNN,B,657,3.8350,0
2026-01-26,10:17:00,PLUG,S,1057,2.3650,0
2026-01-26,14:24:00,PLUG,B,528,2.2704,0
2026-01-26,14:24:00,PLUG,B,529,2.2936,0
2026-01-27,08:40:00,AAL,S,179,13.9450,0
2026-01-27,08:50:00,AAL,B,179,14.1600,0
2026-01-27,08:41:00,PINS,S,102,24.1850,0
2026-01-27,15:00:00,PINS,B,102,23.4000,0
2026-01-27,08:43:00,WULF,B,174,14.3300,0
2026-01-27,10:35:00,WULF,S,87,14.9032,0
2026-01-27,10:35:00,WULF,S,87,14.8717,0
2026-01-27,08:44:00,ZSL,S,1362,1.8250,0
2026-01-27,08:50:00,ZSL,B,1362,1.8850,0
2026-01-27,08:45:00,CVS,S,33,75.0000,0
2026-01-27,08:58:00,CVS,B,33,75.6000,0
2026-01-27,08:48:00,SOXS,S,1275,1.9600,0
2026-01-27,15:00:00,SOXS,B,1275,1.9100,0
2026-01-27,09:06:00,RR,B,570,4.4650,0
2026-01-27,09:36:00,RR,S,285,4.6436,0
2026-01-27,09:36:00,RR,S,285,4.5830,0
2026-01-27,09:10:00,BBAI,B,430,5.8200,0
2026-01-27,12:07:00,BBAI,S,215,6.0528,0
2026-01-27,12:07:00,BBAI,S,215,6.0368,0
2026-01-27,09:57:00,RR,B,524,4.7750,0
2026-01-27,10:24:00,RR,S,262,4.9660,0
2026-01-27,10:24:00,RR,S,262,5.0175,0
2026-01-27,13:20:00,BBAI,B,407,6.1300,0
2026-01-27,15:00:00,BBAI,S,407,6.1600,0
2026-01-27,14:12:00,WULF,B,162,15.3900,0
2026-01-27,14:26:00,WULF,S,162,15.2750,0
2026-01-27,14:59:00,ZSL,S,1461,1.7100,0
2026-01-27,15:00:00,ZSL,B,1461,1.7250,0
2026-01-28,08:41:00,SOXS,S,1420,1.7550,0
2026-01-28,08:59:00,SOXS,B,1420,1.8000,0
2026-01-28,08:41:00,RR,S,506,4.6750,0
2026-01-28,13:12:00,RR,B,506,5.1400,0
2026-01-28,08:42:00,DUST,S,577,4.3300,0
2026-01-28,12:54:00,DUST,B,577,4.4850,0
2026-01-28,08:42:00,INTC,B,51,48.7000,0
2026-01-28,15:00:00,INTC,S,51,48.7500,0
2026-01-28,08:43:00,DNN,B,618,4.0450,0
2026-01-28,12:52:00,DNN,S,309,4.2068,0
2026-01-28,12:52:00,DNN,S,309,4.1795,0
2026-01-28,08:51:00,FEED,S,645,1.6300,0
2026-01-28,08:54:00,FEED,B,322,1.5648,0
2026-01-28,08:54:00,FEED,B,323,1.6300,0
2026-01-28,09:01:00,ZSL,S,1562,1.6000,0
2026-01-28,09:07:00,ZSL,B,1562,1.6300,0
2026-01-28,09:41:00,PLTD,B,348,7.1800,0
2026-01-28,15:00:00,PLTD,S,348,7.3900,0
2026-01-28,10:01:00,FEED,B,1141,2.2000,0
2026-01-28,10:01:00,FEED,S,570,2.2880,0
2026-01-28,10:01:00,FEED,S,571,2.2000,0
2026-01-28,13:26:00,DNN,B,591,4.2300,0
2026-01-28,13:29:00,DNN,S,591,4.2200,0
2026-01-29,08:41:00,NOK,B,389,6.4350,0
2026-01-29,09:01:00,NOK,S,389,6.1800,0
2026-01-29,08:41:00,TSLG,S,304,8.2000,0
2026-01-29,09:58:00,TSLG,B,152,7.8720,0
2026-01-29,09:58:00,TSLG,B,152,7.8520,0
2026-01-29,08:41:00,ETHA,S,113,21.9300,0
2026-01-29,12:40:00,ETHA,B,56,21.0528,0
2026-01-29,12:40:00,ETHA,B,57,21.1393,0
2026-01-29,08:41:00,NCLH,B,111,22.4600,0
2026-01-29,15:00:00,NCLH,S,111,22.9300,0
2026-01-29,08:41:00,CCL,B,80,31.0500,0
2026-01-29,15:00:00,CCL,S,80,31.1300,0
2026-01-29,08:42:00,RR,S,465,4.6100,0
2026-01-29,09:15:00,RR,B,232,4.4256,0
2026-01-29,09:15:00,RR,B,233,4.4711,0
2026-01-29,08:42:00,SNAP,S,336,7.4350,0
2026-01-29,15:00:00,SNAP,B,336,7.2350,0
2026-01-29,08:46:00,MSTX,S,684,3.6500,0
2026-01-29,09:18:00,MSTX,B,342,3.5040,0
2026-01-29,09:18:00,MSTX,B,342,3.3934,0
2026-01-29,08:46:00,DUST,B,586,4.2850,0
2026-01-29,09:21:00,DUST,S,293,4.4564,0
2026-01-29,09:21:00,DUST,S,293,4.5222,0
2026-01-29,08:49:00,JDST,B,1677,1.4900,0
2026-01-29,09:21:00,JDST,S,838,1.5496,0
2026-01-29,09:21:00,JDST,S,839,1.5851,0
2026-01-29,08:52:00,IBIT,S,50,49.5400,0
2026-01-29,13:33:00,IBIT,B,25,47.5584,0
2026-01-29,13:33:00,IBIT,B,25,47.6154,0
2026-01-29,08:53:00,JOBY,B,220,11.3500,0
2026-01-29,09:08:00,JOBY,S,220,11.1050,0
2026-01-29,08:53:00,BITO,S,206,12.0900,0
2026-01-29,14:50:00,BITO,B,103,11.6064,0
2026-01-29,14:50:00,BITO,B,103,11.6459,0
2026-01-29,08:53:00,MSFT,S,5,429.2000,0
2026-01-29,15:00:00,MSFT,B,5,433.1200,0
2026-01-29,08:54:00,ONDS,S,210,11.8500,0
2026-01-29,09:56:00,ONDS,B,105,11.3760,0
2026-01-29,09:56:00,ONDS,B,105,11.2859,0
2026-01-29,09:08:00,BTCZ,B,598,4.1900,0
2026-01-29,09:55:00,BTCZ,S,299,4.3576,0
2026-01-29,09:55:00,BTCZ,S,299,4.3181,0
2026-01-29,09:13:00,NOK,S,406,6.1500,0
2026-01-29,09:24:00,NOK,B,406,6.1850,0
2026-01-29,09:26:00,MSTX,S,746,3.3500,0
2026-01-29,09:55:00,MSTX,B,373,3.2160,0
2026-01-29,09:55:00,MSTX,B,373,3.1798,0
2026-01-29,09:36:00,JDST,B,1506,1.6600,0
2026-01-29,10:11:00,JDST,S,1506,1.6300,0
2026-01-29,10:02:00,RR,S,588,4.2500,0
2026-01-29,10:11:00,RR,B,588,4.3100,0
2026-01-29,10:32:00,BTCZ,B,573,4.3600,0
2026-01-29,10:55:00,BTCZ,S,573,4.3200,0
2026-01-29,14:29:00,ONDS,S,224,11.1400,0
2026-01-29,14:39:00,ONDS,B,224,11.1900,0
2026-01-30,08:41:00,U,S,66,37.3200,0
2026-01-30,09:09:00,U,B,33,35.8272,0
2026-01-30,09:09:00,U,B,33,34.5032,0
2026-01-30,08:41:00,SOFI,S,104,23.8750,0
2026-01-30,11:11:00,SOFI,B,52,22.9200,0
2026-01-30,11:11:00,SOFI,B,52,23.0487,0
2026-01-30,08:41:00,FCX,S,40,61.2800,0
2026-01-30,12:47:00,FCX,B,20,58.8288,0
2026-01-30,12:47:00,FCX,B,20,59.2928,0
2026-01-30,08:42:00,DNN,B,598,4.1800,0
2026-01-30,11:17:00,DNN,S,598,4.0850,0
2026-01-30,08:42:00,BBAI,S,463,5.3850,0
2026-01-30,12:51:00,BBAI,B,231,5.1696,0
2026-01-30,12:51:00,BBAI,B,232,5.1538,0
2026-01-30,08:43:00,VALE,B,150,16.6500,0
2026-01-30,10:53:00,VALE,S,150,16.4250,0
2026-01-30,08:45:00,RKT,S,139,17.9100,0
2026-01-30,10:02:00,RKT,B,69,17.1936,0
2026-01-30,10:02:00,RKT,B,70,17.3984,0
2026-01-30,08:46:00,ZSL,S,1228,2.0350,0
2026-01-30,09:01:00,ZSL,B,1228,2.1050,0
2026-01-30,08:46:00,SLV,B,27,91.4800,0
2026-01-30,09:04:00,SLV,S,27,88.6000,0
2026-01-30,08:46:00,UWMC,S,495,5.0500,0
2026-01-30,09:30:00,UWMC,B,247,4.8480,0
2026-01-30,09:30:00,UWMC,B,248,4.9034,0
2026-01-30,08:46:00,PSLV,B,78,31.7300,0
2026-01-30,10:23:00,PSLV,S,78,30.1900,0
2026-01-30,08:48:00,TSLG,S,308,8.1000,0
2026-01-30,09:07:00,TSLG,B,308,8.3100,0
2026-01-30,08:49:00,DKNG,S,86,28.8150,0
2026-01-30,12:54:00,DKNG,B,43,27.6624,0
2026-01-30,12:54:00,DKNG,B,43,27.8182,0
2026-01-30,08:51:00,JDST,S,1388,1.7900,0
2026-01-30,10:23:00,JDST,B,1388,1.9000,0
2026-01-30,08:51:00,AG,B,106,23.4200,0
2026-01-30,10:33:00,AG,S,106,22.3250,0
2026-01-30,08:55:00,IAU,S,26,95.0300,0
2026-01-30,12:00:00,IAU,B,13,91.2288,0
2026-01-30,12:00:00,IAU,B,13,91.3503,0
2026-01-30,09:16:00,TSLG,B,298,8.3700,0
2026-01-30,10:47:00,TSLG,S,149,8.7048,0
2026-01-30,10:47:00,TSLG,S,149,8.6263,0
2026-01-30,09:17:00,PLUG,S,1096,2.2750,0
2026-01-30,10:33:00,PLUG,B,548,2.1840,0
2026-01-30,10:33:00,PLUG,B,548,2.1877,0
2026-01-30,09:18:00,BTG,B,479,5.2300,0
2026-01-30,10:02:00,BTG,S,479,5.1100,0
2026-01-30,09:27:00,SOXS,B,1355,1.8450,0
2026-01-30,12:50:00,SOXS,S,677,1.9188,0
2026-01-30,12:50:00,SOXS,S,678,1.9315,0
2026-01-30,10:09:00,BTG,S,491,5.0850,0
2026-01-30,12:46:00,BTG,B,245,4.8816,0
2026-01-30,12:46:00,BTG,B,246,4.8659,0
2026-01-30,10:19:00,DUST,B,463,5.4100,0
2026-01-30,11:47:00,DUST,S,231,5.6264,0
2026-01-30,11:47:00,DUST,S,232,5.5859,0
2026-01-30,10:22:00,CDE,S,115,21.6350,0
2026-01-30,12:33:00,CDE,B,57,20.7696,0
2026-01-30,12:33:00,CDE,B,58,20.2563,0
2026-01-30,10:27:00,VZ,B,57,43.5950,0
2026-01-30,11:47:00,VZ,S,57,43.4300,0
2026-01-30,10:30:00,PSLV,S,83,29.8200,0
2026-01-30,10:51:00,PSLV,B,41,28.6272,0
2026-01-30,10:51:00,PSLV,B,42,28.6882,0
2026-01-30,13:37:00,SOFI,S,110,22.5850,0
2026-01-30,14:55:00,SOFI,B,110,22.6950,0
2026-01-30,13:59:00,BBAI,S,497,5.0300,0
2026-01-30,15:00:00,BBAI,B,497,5.0350,0
2026-01-30,14:10:00,PLUG,S,1182,2.1150,0
2026-01-30,14:16:00,PLUG,B,1182,2.1450,0
2026-01-30,14:28:00,VALE,S,156,15.9900,0
2026-01-30,14:59:00,VALE,B,156,16.0600,0
2026-02-02,08:41:00,IBIT,B,55,44.7400,0
2026-02-02,08:56:00,IBIT,S,55,44.2100,0
2026-02-02,08:41:00,BITO,B,228,10.9300,0
2026-02-02,08:56:00,BITO,S,228,10.8300,0
2026-02-02,08:41:00,ETHA,B,140,17.8750,0
2026-02-02,14:35:00,ETHA,S,140,17.4900,0
2026-02-02,08:41:00,HOOD,S,27,91.9800,0
2026-02-02,15:00:00,HOOD,B,27,89.9400,0
2026-02-02,08:42:00,INTC,B,52,47.6100,0
2026-02-02,13:08:00,INTC,S,26,49.5144,0
2026-02-02,13:08:00,INTC,S,26,49.3639,0
2026-02-02,08:46:00,ZSL,B,996,2.5200,0
2026-02-02,09:03:00,ZSL,S,498,2.6208,0
2026-02-02,09:03:00,ZSL,S,498,2.6464,0
2026-02-02,08:47:00,NVD,B,354,7.0500,0
2026-02-02,09:11:00,NVD,S,354,6.9800,0
2026-02-02,08:57:00,BTCZ,B,499,5.0200,0
2026-02-02,09:23:00,BTCZ,S,499,4.9300,0
2026-02-02,09:10:00,SOXS,S,1315,1.8900,0
2026-02-02,13:35:00,SOXS,B,657,1.8144,0
2026-02-02,13:35:00,SOXS,B,658,1.8289,0
2026-02-02,14:41:00,NVD,B,351,7.1300,0
2026-02-02,15:00:00,NVD,S,351,7.1450,0
2026-02-02,14:55:00,ETHA,S,143,17.4800,0
2026-02-02,14:57:00,ETHA,B,143,17.5500,0
2026-02-03,08:41:00,WULF,S,169,14.7450,0
2026-02-03,08:48:00,WULF,B,169,15.4500,0
2026-02-03,08:41:00,SOXS,B,1351,1.8600,0
2026-02-03,09:03:00,SOXS,S,675,1.9344,0
2026-02-03,09:03:00,SOXS,S,676,1.9614,0
2026-02-03,08:41:00,SLV,B,31,79.8600,0
2026-02-03,11:00:00,SLV,S,31,78.2700,0
2026-02-03,08:41:00,RKT,B,122,20.4600,0
2026-02-03,14:28:00,RKT,S,122,20.0200,0
2026-02-03,08:42:00,ZSL,S,1269,1.9600,0
2026-02-03,11:00:00,ZSL,B,1269,2.0900,0
2026-02-03,08:43:00,ONDS,S,231,10.7900,0
2026-02-03,14:36:00,ONDS,B,231,11.1600,0
2026-02-03,08:43:00,PLTD,B,340,7.3900,0
2026-02-03,15:00:00,PLTD,S,340,7.3300,0
2026-02-03,08:43:00,PLTR,S,15,157.1000,0
2026-02-03,15:00:00,PLTR,B,15,157.8900,0
2026-02-03,08:45:00,SNAP,S,390,6.4100,0
2026-02-03,13:41:00,SNAP,B,195,6.1536,0
2026-02-03,13:41:00,SNAP,B,195,6.0641,0
2026-02-03,08:45:00,INFY,S,139,17.8750,0
2026-02-03,15:00:00,INFY,B,139,17.3300,0
2026-02-03,08:47:00,FUBO,B,1428,1.7250,0
2026-02-03,10:34:00,FUBO,S,714,1.7940,0
2026-02-03,10:34:00,FUBO,S,714,1.8125,0
2026-02-03,08:49:00,OPEN,B,512,4.9100,0
2026-02-03,09:21:00,OPEN,S,256,5.1064,0
2026-02-03,09:21:00,OPEN,S,256,5.0809,0
2026-02-03,08:49:00,NVO,S,42,58.0200,0
2026-02-03,10:56:00,NVO,B,21,55.6992,0
2026-02-03,10:56:00,NVO,B,21,54.1152,0
2026-02-03,08:49:00,VALE,B,148,16.8700,0
2026-02-03,12:17:00,VALE,S,148,16.7200,0
2026-02-03,08:50:00,SAN,B,190,13.1100,0
2026-02-03,08:56:00,SAN,S,190,13.0500,0
2026-02-03,08:57:00,OWL,S,199,12.5050,0
2026-02-03,10:53:00,OWL,B,99,12.0048,0
2026-02-03,10:53:00,OWL,B,100,12.1200,0
2026-02-03,08:57:00,DNN,B,609,4.1050,0
2026-02-03,15:00:00,DNN,S,609,4.0800,0
2026-02-03,09:15:00,NVD,B,331,7.5400,0
2026-02-03,13:56:00,NVD,S,165,7.8416,0
2026-02-03,13:56:00,NVD,S,166,7.7846,0
2026-02-03,09:20:00,SAN,S,192,12.9850,0
2026-02-03,09:42:00,SAN,B,192,13.0050,0
2026-02-03,09:24:00,SOXS,B,1256,1.9900,0
2026-02-03,09:48:00,SOXS,S,1256,1.9450,0
2026-02-03,10:14:00,PYPL,S,59,42.3200,0
2026-02-03,15:00:00,PYPL,B,59,41.5400,0
2026-02-03,13:30:00,OWL,S,212,11.7500,0
2026-02-03,14:00:00,OWL,B,212,11.8250,0
2026-02-03,14:45:00,ONDS,B,222,11.2450,0
2026-02-03,15:00:00,ONDS,S,222,11.3900,0
2026-02-04,08:41:00,SOXL,B,41,59.6600,0
2026-02-04,09:01:00,SOXL,S,41,57.5100,0
2026-02-04,08:41:00,SOXS,S,1231,2.0300,0
2026-02-04,09:01:00,SOXS,B,1231,2.0950,0
2026-02-04,08:41:00,ZSL,B,1250,2.0150,0
2026-02-04,09:36:00,ZSL,S,625,2.0956,0
2026-02-04,09:36:00,ZSL,S,625,2.1448,0
2026-02-04,08:41:00,BSX,S,31,78.3900,0
2026-02-04,09:45:00,BSX,B,15,75.2544,0
2026-02-04,09:45:00,BSX,B,16,75.7839,0
2026-02-04,08:41:00,NU,S,142,17.5800,0
2026-02-04,15:00:00,NU,B,142,17.0000,0
2026-02-04,08:42:00,TSLG,B,310,8.0550,0
2026-02-04,09:01:00,TSLG,S,310,7.8500,0
2026-02-04,08:42:00,UBER,S,33,73.8700,0
2026-02-04,15:00:00,UBER,B,33,73.8750,0
2026-02-04,08:42:00,SMCI,B,72,34.7000,0
2026-02-04,15:00:00,SMCI,S,72,33.7500,0
2026-02-04,08:45:00,PLTD,B,323,7.7700,0
2026-02-04,09:13:00,PLTD,S,161,8.0808,0
2026-02-04,09:13:00,PLTD,S,162,8.0223,0
2026-02-04,08:45:00,MUD,S,639,3.9000,0
2026-02-04,09:14:00,MUD,B,639,3.9800,0
2026-02-04,08:49:00,RIG,B,482,5.1850,0
2026-02-04,15:00:00,RIG,S,482,5.3500,0
2026-02-04,08:51:00,CCC,S,367,6.7950,0
2026-02-04,15:00:00,CCC,B,183,6.5232,0
2026-02-04,15:00:00,CCC,B,184,6.5000,0
2026-02-04,08:52:00,WULF,S,186,13.3700,0
2026-02-04,09:38:00,WULF,B,93,12.8352,0
2026-02-04,09:38:00,WULF,B,93,12.8764,0
2026-02-04,08:54:00,ONDS,S,233,10.6800,0
2026-02-04,09:07:00,ONDS,B,116,10.2528,0
2026-02-04,09:07:00,ONDS,B,117,10.3598,0
2026-02-04,08:54:00,PCG,B,159,15.6450,0
2026-02-04,15:00:00,PCG,S,159,16.2200,0
2026-02-04,09:07:00,SOXL,S,43,57.1500,0
2026-02-04,09:08:00,SOXL,B,43,58.3500,0
2026-02-04,09:07:00,HPE,B,111,22.4700,0
2026-02-04,09:34:00,HPE,S,111,22.3350,0
2026-02-04,09:11:00,ONDS,S,243,10.2500,0
2026-02-04,10:12:00,ONDS,B,121,9.8400,0
2026-02-04,10:12:00,ONDS,B,122,9.9025,0
2026-02-04,09:18:00,PLTD,B,308,8.1000,0
2026-02-04,09:23:00,PLTD,S,308,8.0100,0
2026-02-04,09:30:00,SOXS,B,1173,2.1300,0
2026-02-04,10:12:00,SOXS,S,586,2.2152,0
2026-02-04,10:12:00,SOXS,S,587,2.2137,0
2026-02-04,09:32:00,TSLG,S,321,7.7600,0
2026-02-04,10:59:00,TSLG,B,160,7.4496,0
2026-02-04,10:59:00,TSLG,B,161,7.4176,0
2026-02-04,09:32:00,NVD,B,318,7.8500,0
2026-02-04,11:57:00,NVD,S,159,8.1640,0
2026-02-04,11:57:00,NVD,S,159,8.1715,0
2026-02-04,10:05:00,BBAI,S,545,4.5800,0
2026-02-04,15:00:00,BBAI,B,545,4.5000,0
2026-02-04,10:10:00,ETHA,S,155,16.1200,0
2026-02-04,12:40:00,ETHA,B,155,16.3900,0
2026-02-04,10:19:00,SQQQ,B,35,71.1100,0
2026-02-04,15:00:00,SQQQ,S,35,71.3100,0
2026-02-04,10:36:00,WULF,S,200,12.4900,0
2026-02-04,11:14:00,WULF,B,200,12.7950,0
2026-02-05,08:41:00,SOFI,S,125,19.8500,0
2026-02-05,08:42:00,SOFI,B,125,20.0300,0
2026-02-05,08:41:00,DNN,B,683,3.6600,0
2026-02-05,09:07:00,DNN,S,683,3.5350,0
2026-02-05,08:41:00,WULF,B,183,13.6200,0
2026-02-05,09:13:00,WULF,S,183,12.8200,0
2026-02-05,08:41:00,ZSL,S,909,2.7350,0
2026-02-05,09:27:00,ZSL,B,909,2.8650,0
2026-02-05,08:41:00,SLV,B,36,68.9500,0
2026-02-05,09:43:00,SLV,S,36,66.6000,0
2026-02-05,08:42:00,NIO,S,527,4.7300,0
2026-02-05,10:33:00,NIO,B,527,4.8300,0
2026-02-05,08:43:00,MARA,B,315,7.9400,0
2026-02-05,08:51:00,MARA,S,315,7.7300,0
2026-02-05,08:43:00,NVO,B,55,45.3600,0
2026-02-05,08:51:00,NVO,S,55,44.6700,0
2026-02-05,08:43:00,SNAP,S,448,5.5700,0
2026-02-05,09:25:00,SNAP,B,224,5.3472,0
2026-02-05,09:25:00,SNAP,B,224,5.2407,0
2026-02-05,08:44:00,BMNU,B,1121,2.2500,0
2026-02-05,09:01:00,BMNU,S,1121,2.0750,0
2026-02-05,08:44:00,UVIX,S,398,6.2700,0
2026-02-05,09:07:00,UVIX,B,398,6.6100,0
2026-02-05,08:45:00,TZA,S,392,6.3250,0
2026-02-05,09:11:00,TZA,B,392,6.4500,0
2026-02-05,08:48:00,CCC,S,387,6.4450,0
2026-02-05,10:51:00,CCC,B,193,6.1872,0
2026-02-05,10:51:00,CCC,B,194,6.2444,0
2026-02-05,08:52:00,MSTX,S,1152,2.1300,0
2026-02-05,09:16:00,MSTX,B,576,2.0448,0
2026-02-05,09:16:00,MSTX,B,576,1.9613,0
2026-02-05,08:55:00,MARA,S,323,7.7300,0
2026-02-05,09:16:00,MARA,B,161,7.4208,0
2026-02-05,09:16:00,MARA,B,162,7.3809,0
2026-02-05,08:55:00,ETHA,S,160,15.5800,0
2026-02-05,09:23:00,ETHA,B,80,14.9568,0
2026-02-05,09:23:00,ETHA,B,80,14.8658,0
2026-02-05,08:55:00,IBIT,S,63,39.5500,0
2026-02-05,09:25:00,IBIT,B,31,37.9680,0
2026-02-05,09:25:00,IBIT,B,32,38.2955,0
2026-02-05,08:56:00,BITO,S,258,9.6200,0
2026-02-05,09:39:00,BITO,B,129,9.2352,0
2026-02-05,09:39:00,BITO,B,129,9.3162,0
2026-02-05,09:01:00,PLUG,S,1308,1.9100,0
2026-02-05,15:00:00,PLUG,B,1308,1.8500,0
2026-02-05,09:03:00,OPEN,S,509,4.9050,0
2026-02-05,10:35:00,OPEN,B,509,5.0650,0
2026-02-05,09:13:00,DNN,S,709,3.5150,0
2026-02-05,10:25:00,DNN,B,709,3.5500,0
2026-02-05,09:13:00,ONDS,S,283,8.8150,0
2026-02-05,10:29:00,ONDS,B,283,8.9700,0
2026-02-05,09:14:00,JDST,B,1237,2.0300,0
2026-02-05,15:00:00,JDST,S,1237,2.0850,0
2026-02-05,09:19:00,WULF,S,195,12.7700,0
2026-02-05,09:42:00,WULF,B,195,12.9600,0
2026-02-05,09:22:00,MSTX,S,1288,1.9400,0
2026-02-05,10:17:00,MSTX,B,644,1.8624,0
2026-02-05,10:17:00,MSTX,B,644,1.8720,0
2026-02-05,09:28:00,ETHA,S,169,14.7100,0
2026-02-05,09:50:00,ETHA,B,169,14.9450,0
2026-02-05,09:29:00,IBIT,S,65,37.9000,0
2026-02-05,09:50:00,IBIT,B,65,38.4300,0
2026-02-05,09:48:00,UVIX,B,365,6.8350,0
2026-02-05,10:17:00,UVIX,S,365,6.6000,0
2026-02-05,13:41:00,CPNG,S,146,17.0750,0
2026-02-05,15:00:00,CPNG,B,146,16.7950,0
2026-02-05,14:22:00,BITO,S,282,8.8500,0
2026-02-05,15:00:00,BITO,B,282,8.8900,0
2026-02-05,14:27:00,NVO,S,57,43.2600,0
2026-02-05,14:32:00,NVO,B,57,43.3400,0
2026-02-05,14:42:00,PTON,S,601,4.1550,0
2026-02-05,14:54:00,PTON,B,601,4.2050,0
2026-02-05,14:51:00,TZA,B,371,6.7300,0
2026-02-05,14:56:00,TZA,S,371,6.6950,0
2026-02-06,08:41:00,ONDS,S,292,8.5150,0
2026-02-06,08:52:00,ONDS,B,292,8.9700,0
2026-02-06,08:41:00,STLA,S,353,7.0600,0
2026-02-06,09:07:00,STLA,B,353,7.2000,0
2026-02-06,08:41:00,NVD,S,325,7.6200,0
2026-02-06,09:53:00,NVD,B,162,7.3152,0
2026-02-06,09:53:00,NVD,B,163,7.3162,0
2026-02-06,08:41:00,CPNG,S,145,17.0450,0
2026-02-06,10:11:00,CPNG,B,145,17.4450,0
2026-02-06,08:41:00,AAL,B,168,14.8900,0
2026-02-06,15:00:00,AAL,S,168,15.2300,0
2026-02-06,08:41:00,NVDA,B,14,178.8200,0
2026-02-06,15:00:00,NVDA,S,7,185.9728,0
2026-02-06,15:00:00,NVDA,S,7,185.3300,0
2026-02-06,08:41:00,SQQQ,S,34,72.0900,0
2026-02-06,15:00:00,SQQQ,B,34,70.1000,0
2026-02-06,08:42:00,OWL,B,205,12.1700,0
2026-02-06,15:00:00,OWL,S,205,12.5300,0
2026-02-06,08:43:00,WULF,B,190,13.1200,0
2026-02-06,09:12:00,WULF,S,95,13.6448,0
2026-02-06,09:12:00,WULF,S,95,13.5138,0
2026-02-06,08:43:00,SOFI,B,122,20.5150,0
2026-02-06,15:00:00,SOFI,S,122,20.8600,0
2026-02-06,08:44:00,NVO,B,53,46.5900,0
2026-02-06,15:00:00,NVO,S,53,47.6800,0
2026-02-06,08:44:00,TQQQ,B,50,49.2700,0
2026-02-06,15:00:00,TQQQ,S,50,50.5300,0
2026-02-06,08:45:00,NIO,B,482,5.1850,0
2026-02-06,09:35:00,NIO,S,482,5.0600,0
2026-02-06,08:45:00,MARA,B,335,7.4600,0
2026-02-06,09:54:00,MARA,S,167,7.7584,0
2026-02-06,09:54:00,MARA,S,168,7.7148,0
2026-02-06,08:45:00,BMNU,B,1237,2.0300,0
2026-02-06,11:35:00,BMNU,S,618,2.1112,0
2026-02-06,11:35:00,BMNU,S,619,2.1920,0
2026-02-06,08:46:00,TZA,S,401,6.2200,0
2026-02-06,09:07:00,TZA,B,401,6.2800,0
2026-02-06,09:11:00,RIG,B,491,5.0850,0
2026-02-06,10:17:00,RIG,S,245,5.2884,0
2026-02-06,10:17:00,RIG,S,246,5.2492,0
2026-02-06,09:24:00,COTY,S,939,2.6600,0
2026-02-06,09:34:00,COTY,B,469,2.5536,0
2026-02-06,09:34:00,COTY,B,470,2.5766,0
2026-02-06,09:27:00,DUST,S,480,5.2000,0
2026-02-06,09:39:00,DUST,B,480,5.2800,0
2026-02-06,09:39:00,BITO,B,263,9.4900,0
2026-02-06,11:54:00,BITO,S,131,9.8696,0
2026-02-06,11:54:00,BITO,S,132,9.7901,0
2026-02-06,09:45:00,TSLG,B,329,7.5900,0
2026-02-06,09:53:00,TSLG,S,329,7.5300,0
2026-02-06,09:56:00,PLUG,B,1234,2.0250,0
2026-02-06,15:00:00,PLUG,S,1234,2.0700,0
2026-02-06,10:20:00,ETHA,B,164,15.1650,0
2026-02-06,11:36:00,ETHA,S,82,15.7716,0
2026-02-06,11:36:00,ETHA,S,82,15.6383,0
2026-02-06,10:20:00,ONDS,B,267,9.3550,0
2026-02-06,15:00:00,ONDS,S,133,9.7292,0
2026-02-06,15:00:00,ONDS,S,134,9.6900,0
2026-02-06,10:44:00,IBIT,B,63,39.6050,0
2026-02-06,12:24:00,IBIT,S,63,39.3800,0
2026-02-06,11:01:00,CPNG,B,143,17.4700,0
2026-02-06,15:00:00,CPNG,S,143,17.7000,0
2026-02-06,14:24:00,NVD,S,358,6.9800,0
2026-02-06,14:30:00,NVD,B,358,7.0000,0
2026-02-09,08:41:00,CIFR,B,159,15.6700,0
2026-02-09,09:22:00,CIFR,S,79,16.2968,0
2026-02-09,09:22:00,CIFR,S,80,16.2283,0
2026-02-09,08:41:00,CLF,S,114,11.3900,0
2026-02-09,15:00:00,CLF,B,114,12.3050,0
2026-02-09,08:43:00,MSTX,B,1072,2.3500,0
2026-02-09,09:12:00,MSTX,S,536,2.4440,0
2026-02-09,09:12:00,MSTX,S,536,2.4365,0
2026-02-09,08:43:00,ONDS,B,248,10.1650,0
2026-02-09,09:18:00,ONDS,S,124,10.5716,0
2026-02-09,09:18:00,ONDS,S,124,10.5334,0
2026-02-09,08:44:00,BTG,B,478,5.2250,0
2026-02-09,15:00:00,BTG,S,239,5.4340,0
2026-02-09,15:00:00,BTG,S,239,5.4450,0
2026-02-09,08:44:00,DUST,S,501,4.9550,0
2026-02-09,15:00:00,DUST,B,250,4.7568,0
2026-02-09,15:00:00,DUST,B,251,4.6550,0
2026-02-09,08:45:00,ZSL,S,1046,2.3500,0
2026-02-09,11:09:00,ZSL,B,523,2.2560,0
2026-02-09,11:09:00,ZSL,B,523,2.2435,0
2026-02-09,08:47:00,PLTD,S,308,8.0950,0
2026-02-09,08:55:00,PLTD,B,308,8.1500,0
2026-02-09,08:47:00,BMNU,B,816,2.2500,0
2026-02-09,11:07:00,BMNU,S,408,2.3400,0
2026-02-09,11:07:00,BMNU,S,408,2.3325,0
2026-02-09,09:07:00,WULF,B,155,16.0550,0
2026-02-09,14:30:00,WULF,S,77,16.6972,0
2026-02-09,14:30:00,WULF,S,78,16.6195,0
2026-02-09,09:15:00,MSTX,B,1016,2.4600,0
2026-02-09,09:17:00,MSTX,S,1016,2.4200,0
2026-02-09,09:33:00,KD,B,175,11.2800,0
2026-02-09,13:50:00,KD,S,175,10.1150,0
2026-02-09,09:40:00,JDST,S,1470,1.6600,0
2026-02-09,15:00:00,JDST,B,735,1.5936,0
2026-02-09,15:00:00,JDST,B,735,1.5900,0
2026-02-09,09:49:00,RIG,B,460,5.4250,0
2026-02-09,12:05:00,RIG,S,230,5.6420,0
2026-02-09,12:05:00,RIG,S,230,5.6307,0
2026-02-09,10:03:00,HIMS,B,130,17.9000,0
2026-02-09,12:20:00,HIMS,S,65,18.6160,0
2026-02-09,12:20:00,HIMS,S,65,18.5171,0
2026-02-09,13:26:00,BMNU,B,1026,2.4400,0
2026-02-09,15:00:00,BMNU,S,1026,2.4350,0
2026-02-10,08:41:00,INTC,S,50,49.2950,0
2026-02-10,15:00:00,INTC,B,25,47.3232,0
2026-02-10,15:00:00,INTC,B,25,47.1300,0
2026-02-10,08:46:00,ZSL,B,1082,2.3200,0
2026-02-10,10:07:00,ZSL,S,541,2.4128,0
2026-02-10,10:07:00,ZSL,S,541,2.3918,0
2026-02-10,08:46:00,GTM,B,393,6.4600,0
2026-02-10,13:25:00,GTM,S,196,6.7184,0
2026-02-10,13:25:00,GTM,S,197,6.7704,0
2026-02-10,09:34:00,CCO,S,1057,2.3650,0
2026-02-10,15:00:00,CCO,B,1057,2.3700,0
2026-02-10,09:36:00,BMNU,B,1063,2.3600,0
2026-02-10,12:28:00,BMNU,S,1063,2.2300,0
2026-02-10,10:40:00,ZSL,B,1030,2.4250,0
2026-02-10,10:44:00,ZSL,S,1030,2.4100,0
2026-02-10,12:53:00,MSTX,S,1002,2.4950,0
2026-02-10,15:00:00,MSTX,B,1002,2.4650,0
2026-02-10,13:05:00,BMNU,S,1146,2.1800,0
2026-02-10,13:36:00,BMNU,B,1146,2.2200,0
2026-02-11,08:41:00,U,S,120,20.2650,0
2026-02-11,08:55:00,U,B,60,19.4544,0
2026-02-11,08:55:00,U,B,60,19.6376,0
2026-02-11,08:41:00,RIG,B,437,5.7100,0
2026-02-11,09:13:00,RIG,S,437,5.6100,0
2026-02-11,08:41:00,ZSL,B,1138,2.2050,0
2026-02-11,15:00:00,ZSL,S,1138,2.1550,0
2026-02-11,08:41:00,AVTR,B,260,9.7400,0
2026-02-11,15:00:00,AVTR,S,260,9.6350,0
2026-02-11,08:42:00,SOXS,S,1474,1.6950,0
2026-02-11,09:02:00,SOXS,B,1474,1.7200,0
2026-02-11,08:42:00,DUST,B,551,4.6150,0
2026-02-11,15:00:00,DUST,S,551,4.3800,0
2026-02-11,08:46:00,SHOP,S,20,122.3600,0
2026-02-11,11:15:00,SHOP,B,10,117.4656,0
2026-02-11,11:15:00,SHOP,B,10,111.9675,0
2026-02-11,08:51:00,RKT,S,129,19.2900,0
2026-02-11,12:38:00,RKT,B,64,18.5184,0
2026-02-11,12:38:00,RKT,B,65,18.4479,0
2026-02-11,08:52:00,COMP,S,203,12.2600,0
2026-02-11,09:28:00,COMP,B,101,11.7696,0
2026-02-11,09:28:00,COMP,B,102,11.6776,0
2026-02-11,08:57:00,MSTX,S,1075,2.3100,0
2026-02-11,09:14:00,MSTX,B,537,2.2176,0
2026-02-11,09:14:00,MSTX,B,538,2.2131,0
2026-02-11,08:59:00,BMNU,S,1225,2.0000,0
2026-02-11,09:23:00,BMNU,B,612,1.9200,0
2026-02-11,09:23:00,BMNU,B,613,1.9300,0
2026-02-11,09:06:00,U,S,129,19.3200,0
2026-02-11,09:44:00,U,B,129,19.7700,0
2026-02-11,09:17:00,LYFT,S,175,14.2150,0
2026-02-11,15:00:00,LYFT,B,175,14.0000,0
2026-02-11,09:22:00,JDST,B,1572,1.5900,0
2026-02-11,15:00:00,JDST,S,1572,1.5000,0
2026-02-11,09:42:00,COMP,S,216,11.5550,0
2026-02-11,10:59:00,COMP,B,216,11.7100,0
2026-02-11,10:02:00,MAT,B,155,16.1300,0
2026-02-11,15:00:00,MAT,S,155,15.8050,0
2026-02-12,08:42:00,SOXS,S,1533,1.6300,0
2026-02-12,08:45:00,SOXS,B,1533,1.6500,0
2026-02-12,08:42:00,COMP,S,224,11.0750,0
2026-02-12,09:39:00,COMP,B,112,10.6320,0
2026-02-12,09:39:00,COMP,B,112,9.9507,0
2026-02-12,08:42:00,CSCO,S,31,78.7450,0
2026-02-12,11:50:00,CSCO,B,15,75.5952,0
2026-02-12,11:50:00,CSCO,B,16,75.8725,0
2026-02-12,08:43:00,BBAI,S,584,4.2750,0
2026-02-12,10:43:00,BBAI,B,292,4.1040,0
2026-02-12,10:43:00,BBAI,B,292,4.0377,0
2026-02-12,08:44:00,SOFI,S,123,20.2750,0
2026-02-12,10:36:00,SOFI,B,61,19.4640,0
2026-02-12,10:36:00,SOFI,B,62,19.3877,0
2026-02-12,08:45:00,UVIX,B,452,5.5300,0
2026-02-12,10:05:00,UVIX,S,226,5.7512,0
2026-02-12,10:05:00,UVIX,S,226,5.9347,0
2026-02-12,08:45:00,TQQQ,S,48,51.5600,0
2026-02-12,10:36:00,TQQQ,B,24,49.4976,0
2026-02-12,10:36:00,TQQQ,B,24,49.0156,0
2026-02-12,08:45:00,PLUG,S,1305,1.9150,0
2026-02-12,14:59:00,PLUG,B,652,1.8384,0
2026-02-12,14:59:00,PLUG,B,653,1.8292,0
2026-02-12,08:48:00,CLF,S,217,11.4900,0
2026-02-12,10:38:00,CLF,B,108,11.0304,0
2026-02-12,10:38:00,CLF,B,109,10.8349,0
2026-02-12,08:48:00,BTG,S,452,5.4900,0
2026-02-12,10:43:00,BTG,B,226,5.2704,0
2026-02-12,10:43:00,BTG,B,226,5.2699,0
2026-02-12,08:50:00,TZA,B,420,5.9700,0
2026-02-12,10:37:00,TZA,S,210,6.2088,0
2026-02-12,10:37:00,TZA,S,210,6.3103,0
2026-02-12,08:54:00,ICLR,B,15,79.4900,0
2026-02-12,09:57:00,ICLR,S,7,82.6696,0
2026-02-12,09:57:00,ICLR,S,8,84.6111,0
2026-02-12,08:54:00,HPE,S,110,22.5300,0
2026-02-12,15:00:00,HPE,B,110,22.2200,0
2026-02-12,08:56:00,GDX,S,23,104.2800,0
2026-02-12,09:30:00,GDX,B,23,105.4400,0
2026-02-12,08:56:00,ZSL,B,1118,2.2450,0
2026-02-12,10:10:00,ZSL,S,559,2.3348,0
2026-02-12,10:10:00,ZSL,S,559,2.3175,0
2026-02-12,08:59:00,SOXS,B,1492,1.6800,0
2026-02-12,09:06:00,SOXS,S,1492,1.6450,0
2026-02-12,09:40:00,INFY,S,167,14.9100,0
2026-02-12,13:21:00,INFY,B,83,14.3136,0
2026-02-12,13:21:00,INFY,B,84,14.4191,0
2026-02-12,10:27:00,UVIX,B,401,6.2300,0
2026-02-12,10:35:00,UVIX,S,401,6.1000,0
2026-02-12,14:23:00,BTG,S,488,5.1200,0
2026-02-12,15:00:00,BTG,B,488,5.0100,0
2026-02-12,14:46:00,ZSL,B,938,2.6650,0
2026-02-12,15:00:00,ZSL,S,938,2.6650,0
2026-02-13,08:41:00,IBIT,S,65,38.0400,0
2026-02-13,08:45:00,IBIT,B,65,38.3200,0
2026-02-13,08:41:00,BITO,S,268,9.2700,0
2026-02-13,08:45:00,BITO,B,268,9.3400,0
2026-02-13,08:41:00,RIVN,S,147,16.8700,0
2026-02-13,12:46:00,RIVN,B,147,17.9350,0
2026-02-13,08:42:00,ETHA,S,167,14.8700,0
2026-02-13,08:45:00,ETHA,B,167,15.0200,0
2026-02-13,08:44:00,PINS,B,172,14.6200,0
2026-02-13,11:28:00,PINS,S,86,15.2048,0
2026-02-13,11:28:00,PINS,S,86,15.1288,0
2026-02-13,08:46:00,DKNG,B,114,21.9100,0
2026-02-13,15:00:00,DKNG,S,114,21.7600,0
2026-02-13,08:55:00,DUST,S,537,4.6450,0
2026-02-13,12:29:00,DUST,B,268,4.4592,0
2026-02-13,12:29:00,DUST,B,269,4.4871,0
2026-02-13,09:02:00,IBIT,B,64,38.5650,0
2026-02-13,15:00:00,IBIT,S,64,39.0000,0
2026-02-13,09:02:00,BITO,B,265,9.4000,0
2026-02-13,15:00:00,BITO,S,265,9.5100,0
2026-02-13,09:03:00,JDST,S,1562,1.5900,0
2026-02-13,15:00:00,JDST,B,1562,1.5500,0
2026-02-13,09:09:00,ETHA,B,165,15.1200,0
2026-02-13,15:00:00,ETHA,S,165,15.4600,0
2026-02-13,09:11:00,RIG,B,412,6.0550,0
2026-02-13,11:23:00,RIG,S,206,6.2972,0
2026-02-13,11:23:00,RIG,S,206,6.3395,0
2026-02-13,09:13:00,MSTX,B,1054,2.3700,0
2026-02-13,09:35:00,MSTX,S,527,2.4648,0
2026-02-13,09:35:00,MSTX,S,527,2.4411,0
2026-02-17,08:43:00,CRML,S,284,8.7800,0
2026-02-17,12:34:00,CRML,B,284,9.1400,0
2026-02-17,08:58:00,GPRE,S,188,13.2600,0
2026-02-17,10:22:00,GPRE,B,188,13.5050,0
2026-02-17,09:08:00,RPAY,B,813,3.0750,0
2026-02-17,15:00:00,RPAY,S,813,3.0550,0
2026-02-17,09:09:00,BZAI,B,2049,1.2250,0
2026-02-17,10:05:00,BZAI,S,1024,1.2740,0
2026-02-17,10:05:00,BZAI,S,1025,1.2977,0
2026-02-17,09:09:00,IMAX,B,67,37.2300,0
2026-02-17,15:00:00,IMAX,S,67,37.8700,0
2026-02-17,09:20:00,MXL,B,131,19.0000,0
2026-02-17,13:48:00,MXL,S,65,19.7600,0
2026-02-17,13:48:00,MXL,S,66,19.9400,0
2026-02-17,09:26:00,FRMM,S,755,3.2550,0
2026-02-17,11:40:00,FRMM,B,755,3.4500,0
2026-02-17,09:26:00,PARR,S,58,42.5000,0
2026-02-17,15:00:00,PARR,B,58,42.9800,0
2026-02-17,09:32:00,NKTX,B,1243,2.0100,0
2026-02-17,14:09:00,NKTX,S,621,2.0904,0
2026-02-17,14:09:00,NKTX,S,622,2.0799,0
2026-02-17,09:36:00,VOR,S,191,12.9300,0
2026-02-17,15:00:00,VOR,B,191,12.9900,0
2026-02-17,09:40:00,IMSR,S,365,6.7800,0
2026-02-17,09:49:00,IMSR,B,365,6.9000,0
2026-02-17,09:40:00,LGN,S,53,46.0600,0
2026-02-17,10:43:00,LGN,B,53,47.2300,0
2026-02-17,09:50:00,BMEA,B,1968,1.2850,0
2026-02-17,14:56:00,BMEA,S,984,1.3364,0
2026-02-17,14:56:00,BMEA,S,984,1.3372,0
2026-02-17,09:57:00,NEXA,S,226,10.9900,0
2026-02-17,15:00:00,NEXA,B,226,11.1300,0
2026-02-17,09:59:00,EVTL,B,573,4.4100,0
2026-02-17,15:00:00,EVTL,S,573,4.4650,0
2026-02-17,10:03:00,ACHV,B,591,4.2400,0
2026-02-17,15:00:00,ACHV,S,591,4.2400,0
2026-02-17,10:06:00,SPIR,B,272,9.1800,0
2026-02-17,15:00:00,SPIR,S,272,9.1200,0
2026-02-17,10:08:00,CADL,B,438,5.7000,0
2026-02-17,15:00:00,CADL,S,438,5.6300,0
2026-02-17,13:06:00,CRML,B,266,9.3900,0
2026-02-17,13:28:00,CRML,S,266,9.2800,0
2026-02-17,13:54:00,GPRE,S,189,13.1900,0
2026-02-17,14:18:00,GPRE,B,189,13.2800,0
2026-02-18,08:41:00,SLV,B,35,70.2600,0
2026-02-18,13:30:00,SLV,S,35,69.4200,0
2026-02-18,08:44:00,RXT,B,848,1.2000,0
2026-02-18,08:50:00,RXT,S,424,1.2480,0
2026-02-18,08:50:00,RXT,S,424,1.2780,0
2026-02-18,08:44:00,PINS,B,158,15.8100,0
2026-02-18,09:18:00,PINS,S,79,16.4424,0
2026-02-18,09:18:00,PINS,S,79,16.3069,0
2026-02-18,08:57:00,MSTX,B,1116,2.2500,0
2026-02-18,09:48:00,MSTX,S,558,2.3400,0
2026-02-18,09:48:00,MSTX,S,558,2.3564,0
2026-02-18,09:00:00,ZSL,S,1030,2.4250,0
2026-02-18,13:30:00,ZSL,B,1030,2.4900,0
2026-02-18,10:01:00,PINS,B,151,16.4950,0
2026-02-18,10:07:00,PINS,S,151,16.4500,0
2026-02-18,14:15:00,MSTX,S,1187,2.1000,0
2026-02-18,14:39:00,MSTX,B,1187,2.1450,0
2026-02-19,08:41:00,FIG,S,88,23.5800,0
2026-02-19,11:10:00,FIG,B,88,26.0050,0
2026-02-19,08:41:00,AAL,S,182,13.6150,0
2026-02-19,15:00:00,AAL,B,182,13.3550,0
2026-02-19,08:41:00,OWL,S,219,11.3750,0
2026-02-19,15:00:00,OWL,B,219,11.5750,0
2026-02-19,08:52:00,MSTX,B,1184,2.1400,0
2026-02-19,13:10:00,MSTX,S,592,2.2256,0
2026-02-19,13:10:00,MSTX,S,592,2.2086,0
2026-02-19,08:56:00,JDST,S,1602,1.5400,0
2026-02-19,15:00:00,JDST,B,1602,1.5050,0
2026-02-20,08:41:00,SLV,B,33,73.6000,0
2026-02-20,09:03:00,SLV,S,33,72.9800,0
2026-02-20,08:41:00,ZSL,S,1136,2.2000,0
2026-02-20,09:03:00,ZSL,B,1136,2.2400,0
2026-02-20,08:41:00,PINS,B,147,16.9400,0
2026-02-20,09:14:00,PINS,S,73,17.6176,0
2026-02-20,09:14:00,PINS,S,74,17.5306,0
2026-02-20,08:43:00,ONDS,B,223,11.2500,0
2026-02-20,10:20:00,ONDS,S,223,10.8700,0
2026-02-20,08:56:00,JDST,S,1712,1.4500,0
2026-02-20,09:07:00,JDST,B,1712,1.5000,0
2026-02-20,08:58:00,OWL,B,228,10.9200,0
2026-02-20,13:07:00,OWL,S,114,11.3568,0
2026-02-20,13:07:00,OWL,S,114,11.4158,0
2026-02-20,09:21:00,OPEN,B,452,5.5200,0
2026-02-20,10:17:00,OPEN,S,452,5.1500,0
2026-02-20,13:51:00,SLV,B,33,75.4650,0
2026-02-20,15:00:00,SLV,S,33,76.6200,0
2026-02-23,08:41:00,NVO,B,61,40.9800,0
2026-02-23,09:45:00,NVO,S,61,39.9800,0
2026-02-23,08:41:00,SLV,B,31,79.3900,0
2026-02-23,09:56:00,SLV,S,31,78.3500,0
2026-02-23,08:41:00,PYPL,S,61,40.7850,0
2026-02-23,10:27:00,PYPL,B,61,41.2300,0
2026-02-23,08:41:00,TSLL,S,167,14.8300,0
2026-02-23,12:03:00,TSLL,B,83,14.2368,0
2026-02-23,12:03:00,TSLL,B,84,14.2983,0
2026-02-23,08:41:00,PATH,S,243,10.2500,0
2026-02-23,15:00:00,PATH,B,243,10.1700,0
2026-02-23,08:41:00,BTG,B,443,5.6550,0
2026-02-23,15:00:00,BTG,S,443,5.7350,0
2026-02-23,08:42:00,COMP,S,249,9.9400,0
2026-02-23,09:38:00,COMP,B,124,9.5424,0
2026-02-23,09:38:00,COMP,B,125,9.5694,0
2026-02-23,08:43:00,NU,S,144,17.2350,0
2026-02-23,11:57:00,NU,B,72,16.5456,0
2026-02-23,11:57:00,NU,B,72,16.3874,0
2026-02-23,08:46:00,ZSL,S,1344,1.8500,0
2026-02-23,09:56:00,ZSL,B,1344,1.9250,0
2026-02-23,08:46:00,DUST,S,634,3.9000,0
2026-02-23,15:00:00,DUST,B,634,3.9250,0
2026-02-23,08:54:00,MSTX,B,1111,2.2700,0
2026-02-23,09:52:00,MSTX,S,1111,2.1900,0
2026-02-23,08:55:00,TSDD,B,271,9.2200,0
2026-02-23,15:00:00,TSDD,S,271,9.3600,0
2026-02-23,08:56:00,BMNU,B,1288,1.9750,0
2026-02-23,09:56:00,BMNU,S,1288,1.8900,0
2026-02-23,08:57:00,JDST,S,1893,1.3200,0
2026-02-23,10:06:00,JDST,B,1893,1.3700,0
2026-02-23,09:45:00,COMP,S,265,9.4150,0
2026-02-23,11:48:00,COMP,B,132,9.0384,0
2026-02-23,11:48:00,COMP,B,133,9.1292,0
2026-02-23,09:59:00,NVO,S,62,39.8600,0
2026-02-23,10:00:00,NVO,B,62,39.9900,0
2026-02-23,10:04:00,BITO,S,275,9.0350,0
2026-02-23,15:00:00,BITO,B,275,8.9100,0
2026-02-23,10:13:00,MSTX,S,1173,2.1300,0
2026-02-23,10:28:00,MSTX,B,1173,2.1500,0
2026-02-23,13:24:00,NU,S,154,16.1700,0
2026-02-23,13:56:00,NU,B,154,16.2000,0
2026-02-23,14:41:00,SLV,B,31,80.5000,0
2026-02-23,14:44:00,SLV,S,31,80.3200,0
2026-02-24,08:41:00,IOVA,B,533,3.6300,0
2026-02-24,08:46:00,IOVA,S,266,3.7752,0
2026-02-24,08:46:00,IOVA,S,267,3.7937,0
2026-02-24,08:44:00,WULF,B,155,16.1200,0
2026-02-24,08:51:00,WULF,S,77,16.7648,0
2026-02-24,08:51:00,WULF,S,78,16.6288,0
2026-02-24,08:44:00,PYPL,B,57,43.7900,0
2026-02-24,14:32:00,PYPL,S,28,45.5416,0
2026-02-24,14:32:00,PYPL,S,29,45.7121,0
2026-02-24,08:45:00,BTG,B,437,5.7200,0
2026-02-24,08:46:00,BTG,S,437,5.6950,0
2026-02-24,09:16:00,WULF,B,147,17.0000,0
2026-02-24,09:21:00,WULF,S,147,16.8800,0
2026-02-24,09:29:00,INTC,B,55,45.1000,0
2026-02-24,15:00:00,INTC,S,55,46.1200,0
2026-02-24,13:13:00,CLVT,B,1101,2.2800,0
2026-02-24,14:52:00,CLVT,S,550,2.3712,0
2026-02-24,14:52:00,CLVT,S,551,2.3672,0
2026-02-25,08:41:00,XWEL,B,1398,0.9292,0
2026-02-25,08:42:00,XWEL,S,699,0.9664,0
2026-02-25,08:42:00,XWEL,S,699,1.0600,0
2026-02-25,08:41:00,OWL,S,236,10.5800,0
2026-02-25,09:14:00,OWL,B,236,10.8500,0
2026-02-25,08:41:00,NFLX,B,30,80.9900,0
2026-02-25,15:00:00,NFLX,S,30,82.7000,0
2026-02-25,08:42:00,IBIT,S,66,37.5600,0
2026-02-25,08:47:00,IBIT,B,66,37.8600,0
2026-02-25,08:46:00,UWMC,S,570,4.3700,0
2026-02-25,09:10:00,UWMC,B,285,4.1952,0
2026-02-25,09:10:00,UWMC,B,285,4.2309,0
2026-02-25,08:48:00,BMNU,B,1121,2.2300,0
2026-02-25,09:56:00,BMNU,S,560,2.3192,0
2026-02-25,09:56:00,BMNU,S,561,2.3521,0
2026-02-25,08:50:00,BITO,B,271,9.2300,0
2026-02-25,13:32:00,BITO,S,135,9.5992,0
2026-02-25,13:32:00,BITO,S,136,9.5177,0
2026-02-25,08:54:00,MSTX,B,1072,2.3500,0
2026-02-25,11:05:00,MSTX,S,536,2.4440,0
2026-02-25,11:05:00,MSTX,S,536,2.4365,0
2026-02-25,09:00:00,BMNG,B,1612,1.5500,0
2026-02-25,09:09:00,BMNG,S,1612,1.5300,0
2026-02-25,09:16:00,UWMC,S,598,4.1800,0
2026-02-25,09:44:00,UWMC,B,299,4.0128,0
2026-02-25,09:44:00,UWMC,B,299,4.0468,0
2026-02-25,09:42:00,IBIT,B,65,38.2700,0
2026-02-25,09:57:00,IBIT,S,65,38.1700,0
2026-02-25,09:44:00,OWL,B,228,10.9400,0
2026-02-25,14:22:00,OWL,S,114,11.3776,0
2026-02-25,14:22:00,OWL,S,114,11.3506,0
2026-02-26,08:41:00,OPEN,B,488,5.1450,0
2026-02-26,09:01:00,OPEN,S,244,5.3508,0
2026-02-26,09:01:00,OPEN,S,244,5.3086,0
2026-02-26,08:41:00,SOXS,B,1533,1.6450,0
2026-02-26,09:03:00,SOXS,S,766,1.7108,0
2026-02-26,09:03:00,SOXS,S,767,1.7186,0
2026-02-26,08:45:00,ARRY,S,324,7.6200,0
2026-02-26,09:06:00,ARRY,B,162,7.3152,0
2026-02-26,09:06:00,ARRY,B,162,7.0723,0
2026-02-26,08:45:00,NVD,B,376,6.6400,0
2026-02-26,09:38:00,NVD,S,188,6.9056,0
2026-02-26,09:38:00,NVD,S,188,6.8886,0
2026-02-26,08:46:00,EOSE,S,362,6.9050,0
2026-02-26,09:06:00,EOSE,B,181,6.6288,0
2026-02-26,09:06:00,EOSE,B,181,6.7566,0
2026-02-26,08:46:00,BMNU,S,1091,2.2700,0
2026-02-26,09:39:00,BMNU,B,545,2.1792,0
2026-02-26,09:39:00,BMNU,B,546,2.1827,0
2026-02-26,08:46:00,NVDA,S,13,188.8600,0
2026-02-26,15:00:00,NVDA,B,13,184.8600,0
2026-02-26,08:48:00,COMP,B,253,9.8600,0
2026-02-26,15:00:00,COMP,S,253,10.0050,0
2026-02-26,08:57:00,ALBT,S,1000,0.9660,0
2026-02-26,11:54:00,ALBT,B,500,0.9274,0
2026-02-26,11:54:00,ALBT,B,500,0.9214,0
2026-02-26,09:16:00,BMNG,S,1623,1.5200,0
2026-02-26,11:04:00,BMNG,B,811,1.4592,0
2026-02-26,11:04:00,BMNG,B,812,1.4152,0
2026-02-26,09:17:00,NU,S,162,15.4300,0
2026-02-26,15:00:00,NU,B,162,15.0600,0
2026-02-26,09:46:00,JDST,S,1908,1.3000,0
2026-02-26,15:00:00,JDST,B,954,1.2480,0
2026-02-26,15:00:00,JDST,B,954,1.2100,0
2026-02-27,08:41:00,KRE,S,36,68.1900,0
2026-02-27,15:00:00,KRE,B,36,66.7400,0
2026-02-27,08:41:00,KEY,S,117,21.1350,0
2026-02-27,15:00:00,KEY,B,117,20.7400,0
2026-02-27,08:42:00,RUN,S,79,16.0900,0
2026-02-27,08:46:00,RUN,B,39,15.4464,0
2026-02-27,08:46:00,RUN,B,40,15.5709,0
2026-02-27,08:42:00,PSKY,B,218,11.4500,0
2026-02-27,08:49:00,PSKY,S,109,11.9080,0
2026-02-27,08:49:00,PSKY,S,109,11.8005,0
2026-02-27,08:42:00,SLV,S,30,82.5200,0
2026-02-27,08:53:00,SLV,B,30,83.2750,0
2026-02-27,08:42:00,UVIX,B,390,6.4400,0
2026-02-27,09:08:00,UVIX,S,390,6.2900,0
2026-02-27,08:42:00,SOFI,S,141,17.7150,0
2026-02-27,15:00:00,SOFI,B,141,17.7600,0
2026-02-27,08:42:00,TZA,B,402,6.2400,0
2026-02-27,15:00:00,TZA,S,402,6.2200,0
2026-02-27,08:47:00,AAL,S,191,13.0600,0
2026-02-27,15:00:00,AAL,B,191,13.0850,0
2026-02-27,08:52:00,PLUG,S,1373,1.8200,0
2026-02-27,15:00:00,PLUG,B,1373,1.8000,0
2026-02-27,08:53:00,BMNU,S,1305,1.9100,0
2026-02-27,11:53:00,BMNU,B,652,1.8336,0
2026-02-27,11:53:00,BMNU,B,653,1.8391,0
2026-02-27,08:56:00,NVD,B,341,7.3300,0
2026-02-27,09:06:00,NVD,S,341,7.1900,0
2026-02-27,09:42:00,EOSE,B,303,6.1800,0
2026-02-27,11:07:00,EOSE,S,151,6.4272,0
2026-02-27,11:07:00,EOSE,S,152,6.3882,0
2026-02-27,10:05:00,MARA,S,268,9.3100,0
2026-02-27,15:00:00,MARA,B,134,8.9376,0
2026-02-27,15:00:00,MARA,B,134,8.9300,0
2026-02-27,10:09:00,MSTX,S,1126,2.2200,0
2026-02-27,15:00:00,MSTX,B,1126,2.2500,0
2026-02-27,10:11:00,SLV,B,29,85.0000,0
2026-02-27,10:24:00,SLV,S,29,84.4700,0
2026-02-27,10:17:00,PSKY,B,197,12.6900,0
2026-02-27,10:35:00,PSKY,S,98,13.1976,0
2026-02-27,10:35:00,PSKY,S,99,13.0981,0
2026-02-27,11:21:00,NVD,B,340,7.3400,0
2026-02-27,15:00:00,NVD,S,340,7.5000,0
2026-02-27,14:36:00,NFLX,B,25,96.7100,0
2026-02-27,14:46:00,NFLX,S,25,96.1400,0
2026-03-02,08:41:00,NOK,B,319,7.8500,0
2026-03-02,12:47:00,NOK,S,159,8.1640,0
2026-03-02,12:47:00,NOK,S,160,8.2915,0
2026-03-02,08:43:00,ONDS,B,215,11.5800,0
2026-03-02,08:46:00,ONDS,S,107,12.0432,0
2026-03-02,08:46:00,ONDS,S,108,11.9642,0
2026-03-02,08:43:00,BMNR,B,128,19.5700,0
2026-03-02,09:11:00,BMNR,S,64,20.3528,0
2026-03-02,09:11:00,BMNR,S,64,20.4143,0
2026-03-02,08:43:00,BMNU,B,1322,1.9200,0
2026-03-02,09:11:00,BMNU,S,661,1.9968,0
2026-03-02,09:11:00,BMNU,S,661,2.0808,0
2026-03-02,08:43:00,ETHA,B,169,14.7750,0
2026-03-02,09:32:00,ETHA,S,84,15.3660,0
2026-03-02,09:32:00,ETHA,S,85,15.3123,0
2026-03-02,08:43:00,BITO,B,272,9.1700,0
2026-03-02,09:54:00,BITO,S,136,9.5368,0
2026-03-02,09:54:00,BITO,S,136,9.5083,0
2026-03-02,08:43:00,IBIT,B,66,37.7050,0
2026-03-02,09:54:00,IBIT,S,33,39.2132,0
2026-03-02,09:54:00,IBIT,S,33,39.1230,0
2026-03-02,08:43:00,NVD,S,342,7.3000,0
2026-03-02,11:35:00,NVD,B,171,7.0080,0
2026-03-02,11:35:00,NVD,B,171,7.0730,0
2026-03-02,08:44:00,MSTX,B,1057,2.4100,0
2026-03-02,09:29:00,MSTX,S,528,2.5064,0
2026-03-02,09:29:00,MSTX,S,529,2.4959,0
2026-03-02,08:44:00,F,S,185,13.4550,0
2026-03-02,15:00:00,F,B,185,13.3700,0
2026-03-02,08:55:00,SABR,B,1212,1.4850,0
2026-03-02,11:20:00,SABR,S,606,1.5444,0
2026-03-02,11:20:00,SABR,S,606,1.5475,0
2026-03-02,08:56:00,NCLH,S,114,21.8200,0
2026-03-02,15:00:00,NCLH,B,114,22.1750,0
2026-03-02,09:26:00,PLTD,S,321,7.7800,0
2026-03-02,15:00:00,PLTD,B,321,7.7500,0
2026-03-02,09:33:00,AES,B,174,14.3300,0
2026-03-02,10:14:00,AES,S,174,14.2500,0
2026-03-02,10:08:00,BITO,B,260,9.6000,0
2026-03-02,11:45:00,BITO,S,260,9.5000,0
2026-03-02,10:09:00,ETHA,B,160,15.6100,0
2026-03-02,11:43:00,ETHA,S,160,15.4100,0
2026-03-02,12:09:00,VG,S,227,11.0100,0
2026-03-02,15:00:00,VG,B,227,11.3700,0
2026-03-03,08:41:00,UVIX,B,332,7.5300,0
2026-03-03,09:01:00,UVIX,S,166,7.8312,0
2026-03-03,09:01:00,UVIX,S,166,7.7647,0
2026-03-03,08:41:00,VALE,S,158,15.7400,0
2026-03-03,10:53:00,VALE,B,158,15.9000,0
2026-03-03,08:41:00,TSLL,S,179,13.9650,0
2026-03-03,15:00:00,TSLL,B,179,13.9600,0
2026-03-03,08:41:00,NTLA,S,175,14.2500,0
2026-03-03,15:00:00,NTLA,B,87,13.6800,0
2026-03-03,15:00:00,NTLA,B,88,13.6000,0
2026-03-03,08:42:00,BTG,S,459,5.4300,0
2026-03-03,10:24:00,BTG,B,459,5.5350,0
2026-03-03,08:42:00,GDX,S,23,104.8700,0
2026-03-03,15:00:00,GDX,B,23,105.1450,0
2026-03-03,08:43:00,BBD,S,662,3.7600,0
2026-03-03,10:25:00,BBD,B,662,3.8050,0
2026-03-03,08:43:00,ITUB,S,301,8.2600,0
2026-03-03,12:08:00,ITUB,B,301,8.3900,0
2026-03-03,08:44:00,EWY,S,19,129.1300,0
2026-03-03,10:17:00,EWY,B,19,131.8800,0
2026-03-03,08:44:00,TSDD,B,259,9.6600,0
2026-03-03,15:00:00,TSDD,S,259,9.6300,0
2026-03-03,08:45:00,MSTX,S,1096,2.2550,0
2026-03-03,09:31:00,MSTX,B,548,2.1648,0
2026-03-03,09:31:00,MSTX,B,548,2.1825,0
2026-03-03,08:45:00,BMNU,S,1326,1.8800,0
2026-03-03,09:32:00,BMNU,B,663,1.8048,0
2026-03-03,09:32:00,BMNU,B,663,1.8063,0
2026-03-03,08:45:00,TZA,B,378,6.6700,0
2026-03-03,10:18:00,TZA,S,378,6.5250,0
2026-03-03,08:45:00,JDST,B,1785,1.4200,0
2026-03-03,15:00:00,JDST,S,1785,1.3900,0
2026-03-03,08:45:00,SOXS,B,1213,2.0600,0
2026-03-03,15:00:00,SOXS,S,1213,2.0600,0
2026-03-03,08:45:00,SOXL,S,46,53.5150,0
2026-03-03,15:00:00,SOXL,B,46,53.4150,0
2026-03-03,09:08:00,TPET,B,506,1.9950,0
2026-03-03,09:08:00,TPET,S,253,2.0748,0
2026-03-03,09:08:00,TPET,S,253,2.0186,0
2026-03-03,10:07:00,INTC,B,57,43.4300,0
2026-03-03,15:00:00,INTC,S,57,43.1200,0
2026-03-03,10:19:00,MOBX,B,4485,0.5573,0
2026-03-03,10:20:00,MOBX,S,2242,0.5796,0
2026-03-03,10:20:00,MOBX,S,2243,0.5610,0
2026-03-03,13:21:00,PLUG,B,1068,2.3400,0
2026-03-03,14:14:00,PLUG,S,1068,2.2950,0
2026-03-03,13:59:00,PINS,B,129,19.3200,0
2026-03-03,14:06:00,PINS,S,129,19.2700,0
2026-03-04,08:41:00,SOXS,B,1243,2.0100,0
2026-03-04,09:28:00,SOXS,S,1243,1.9350,0
2026-03-04,08:42:00,BMNR,S,120,20.8100,0
2026-03-04,09:29:00,BMNR,B,120,21.4000,0
2026-03-04,08:43:00,BITO,S,252,9.8900,0
2026-03-04,09:20:00,BITO,B,252,10.0000,0
2026-03-04,08:43:00,ETHA,S,159,15.6900,0
2026-03-04,09:26:00,ETHA,B,159,15.9400,0
2026-03-04,08:43:00,IBIT,S,61,40.6500,0
2026-03-04,09:26:00,IBIT,B,61,41.1900,0
2026-03-04,08:44:00,AIFF,S,975,1.0850,0
2026-03-04,08:51:00,AIFF,B,487,1.0416,0
2026-03-04,08:51:00,AIFF,B,488,1.0209,0
2026-03-04,08:44:00,BMNU,S,1168,2.1200,0
2026-03-04,09:26:00,BMNU,B,1168,2.2200,0
2026-03-04,08:45:00,MSTX,S,929,2.6700,0
2026-03-04,09:08:00,MSTX,B,929,2.7900,0
2026-03-04,08:53:00,PLUG,B,1041,2.4000,0
2026-03-04,09:01:00,PLUG,S,1041,2.3550,0
2026-03-04,08:54:00,NIO,B,531,4.7050,0
2026-03-04,11:15:00,NIO,S,265,4.8932,0
2026-03-04,11:15:00,NIO,S,266,4.8630,0
2026-03-04,08:59:00,INTC,S,57,43.3000,0
2026-03-04,09:26:00,INTC,B,57,44.3500,0
2026-03-04,09:07:00,TSLG,B,353,7.0800,0
2026-03-04,15:00:00,TSLG,S,353,7.2900,0
2026-03-04,09:16:00,MUD,S,637,3.9000,0
2026-03-04,15:00:00,MUD,B,637,3.8500,0
2026-03-04,09:17:00,TSLL,B,169,14.7600,0
2026-03-04,15:00:00,TSLL,S,169,14.8900,0
2026-03-04,09:17:00,TSDD,S,274,9.0900,0
2026-03-04,15:00:00,TSDD,B,274,8.9800,0
2026-03-04,09:26:00,BITO,B,250,10.0000,0
2026-03-04,15:00:00,BITO,S,250,10.0800,0
2026-03-04,09:27:00,BTCZ,S,505,4.8900,0
2026-03-04,13:24:00,BTCZ,B,252,4.6944,0
2026-03-04,13:24:00,BTCZ,B,253,4.7389,0
2026-03-04,09:30:00,BMNG,B,1633,1.5500,0
2026-03-04,15:00:00,BMNG,S,1633,1.5100,0
2026-03-04,09:42:00,MSTX,B,877,2.8500,0
2026-03-04,15:00:00,MSTX,S,877,2.8100,0
2026-03-04,09:55:00,SOXS,S,1302,1.9200,0
2026-03-04,10:22:00,SOXS,B,1302,1.9600,0
2026-03-04,13:12:00,ETHA,B,151,16.4700,0
2026-03-04,13:33:00,ETHA,S,151,16.4200,0
2026-03-04,13:20:00,IBIT,B,59,42.0000,0
2026-03-04,13:23:00,IBIT,S,59,41.8450,0
2026-03-05,08:42:00,TPET,B,1538,1.1500,0
2026-03-05,08:44:00,TPET,S,769,1.1960,0
2026-03-05,08:44:00,TPET,S,769,1.1885,0
2026-03-05,08:42:00,PLUG,S,1048,2.3800,0
2026-03-05,10:45:00,PLUG,B,524,2.2848,0
2026-03-05,10:45:00,PLUG,B,524,2.2888,0
2026-03-05,08:43:00,GXAI,B,540,2.2400,0
2026-03-05,08:58:00,GXAI,S,270,2.3296,0
2026-03-05,08:58:00,GXAI,S,270,2.3476,0
2026-03-05,08:44:00,MSTX,S,915,2.7200,0
2026-03-05,09:00:00,MSTX,B,915,2.8000,0
2026-03-05,08:45:00,TTD,S,79,31.2500,0
2026-03-05,10:03:00,TTD,B,39,30.0000,0
2026-03-05,10:03:00,TTD,B,40,30.1439,0
2026-03-05,08:45:00,VG,B,212,11.8300,0
2026-03-05,12:51:00,VG,S,106,12.3032,0
2026-03-05,12:51:00,VG,S,106,12.3148,0
2026-03-05,08:46:00,RKT,S,153,16.3300,0
2026-03-05,08:52:00,RKT,B,153,16.5100,0
2026-03-05,08:46:00,UVIX,B,361,6.9700,0
2026-03-05,08:58:00,UVIX,S,361,6.7100,0
2026-03-05,08:50:00,BMNU,S,1157,2.1400,0
2026-03-05,09:01:00,BMNU,B,1157,2.2200,0
2026-03-05,08:50:00,AAL,S,208,11.9750,0
2026-03-05,15:00:00,AAL,B,208,11.7950,0
2026-03-05,08:54:00,TZA,S,394,6.3300,0
2026-03-05,09:24:00,TZA,B,394,6.4300,0
2026-03-05,09:22:00,BMNU,S,1201,2.0800,0
2026-03-05,10:16:00,BMNU,B,600,1.9968,0
2026-03-05,10:16:00,BMNU,B,601,1.9958,0
2026-03-05,09:43:00,RKT,S,153,16.2900,0
2026-03-05,09:52:00,RKT,B,153,16.3600,0
2026-03-05,09:45:00,TPET,B,1930,1.3000,0
2026-03-05,09:48:00,TPET,S,965,1.3520,0
2026-03-05,09:48:00,TPET,S,965,1.3504,0
2026-03-05,10:17:00,TZA,B,382,6.5400,0
2026-03-05,10:54:00,TZA,S,382,6.5100,0
2026-03-05,10:20:00,UVIX,B,340,7.3450,0
2026-03-05,10:33:00,UVIX,S,340,7.2050,0
2026-03-06,08:44:00,ONDS,B,234,10.7000,0
2026-03-06,09:02:00,ONDS,S,117,11.1280,0
2026-03-06,09:02:00,ONDS,S,117,11.0830,0
2026-03-06,08:45:00,NVD,S,348,7.1500,0
2026-03-06,14:08:00,NVD,B,348,7.2800,0
2026-03-06,08:46:00,PBR,S,144,17.2200,0
2026-03-06,09:55:00,PBR,B,144,17.6700,0
2026-03-06,08:46:00,SOXL,B,48,51.4600,0
2026-03-06,14:10:00,SOXL,S,48,49.7100,0
2026-03-06,08:48:00,UVIX,B,286,8.7650,0
2026-03-06,09:00:00,UVIX,S,286,8.4600,0
2026-03-06,08:49:00,MRVL,B,28,88.5200,0
2026-03-06,12:26:00,MRVL,S,14,92.0608,0
2026-03-06,12:26:00,MRVL,S,14,92.4816,0
2026-03-06,08:50:00,MOBX,S,1342,0.9446,0
2026-03-06,09:15:00,MOBX,B,671,0.9068,0
2026-03-06,09:15:00,MOBX,B,671,0.9257,0
2026-03-06,08:51:00,PLUG,S,1121,2.2100,0
2026-03-06,09:04:00,PLUG,B,1121,2.2750,0
2026-03-06,08:51:00,BMNU,S,1396,1.7800,0
2026-03-06,09:17:00,BMNU,B,1396,1.8550,0
2026-03-06,08:52:00,MSTX,S,1057,2.3300,0
2026-03-06,15:00:00,MSTX,B,1057,2.3300,0
2026-03-06,08:54:00,MUD,S,623,4.0000,0
2026-03-06,13:56:00,MUD,B,623,4.0650,0
2026-03-06,08:56:00,TZA,B,355,7.0400,0
2026-03-06,09:00:00,TZA,S,355,6.9600,0
2026-03-06,09:05:00,IOVA,B,531,4.7150,0
2026-03-06,10:38:00,IOVA,S,265,4.9036,0
2026-03-06,10:38:00,IOVA,S,266,4.9028,0
2026-03-06,09:22:00,AAL,B,220,11.3550,0
2026-03-06,12:51:00,AAL,S,220,11.0900,0
2026-03-06,09:29:00,PRSO,S,645,1.5600,0
2026-03-06,10:00:00,PRSO,B,322,1.4976,0
2026-03-06,10:00:00,PRSO,B,323,1.5095,0
2026-03-06,09:40:00,TPET,S,563,2.0150,0
2026-03-06,09:57:00,TPET,B,281,1.9344,0
2026-03-06,09:57:00,TPET,B,282,1.9520,0
2026-03-06,13:44:00,PLUG,S,1170,2.1350,0
2026-03-06,15:00:00,PLUG,B,1170,2.1250,0
2026-03-06,14:10:00,ONDS,S,245,10.1800,0
2026-03-06,14:42:00,ONDS,B,122,9.7728,0
2026-03-06,14:42:00,ONDS,B,123,9.8668,0
2026-03-06,14:22:00,NVD,B,338,7.4000,0
2026-03-06,15:00:00,NVD,S,338,7.4500,0
2026-03-06,14:48:00,UVIX,B,272,9.1600,0
2026-03-06,15:00:00,UVIX,S,272,9.3800,0
2026-03-09,08:42:00,UVIX,B,254,9.8900,0
2026-03-09,09:47:00,UVIX,S,254,9.4300,0
2026-03-09,08:43:00,SOXL,S,55,44.8000,0
2026-03-09,09:23:00,SOXL,B,55,46.6000,0
2026-03-09,08:44:00,NVD,B,330,7.5800,0
2026-03-09,09:23:00,NVD,S,330,7.4100,0
2026-03-09,08:45:00,MSTX,B,1004,2.5100,0
2026-03-09,09:07:00,MSTX,S,1004,2.4200,0
2026-03-09,09:05:00,MUD,S,592,4.1900,0
2026-03-09,15:00:00,MUD,B,296,4.0224,0
2026-03-09,15:00:00,MUD,B,296,3.9400,0
2026-03-09,10:15:00,UVIX,S,272,9.1400,0
2026-03-09,11:00:00,UVIX,B,136,8.7744,0
2026-03-09,11:00:00,UVIX,B,136,8.7802,0
2026-03-09,14:28:00,NVD,S,352,7.1000,0
2026-03-09,15:00:00,NVD,B,352,7.0300,0
2026-03-10,08:50:00,WIT,B,1079,2.3400,0
2026-03-10,11:51:00,WIT,S,539,2.4336,0
2026-03-10,11:51:00,WIT,S,540,2.5366,0
2026-03-10,09:05:00,NIO,B,457,5.4700,0
2026-03-10,15:00:00,NIO,S,228,5.6888,0
2026-03-10,15:00:00,NIO,S,229,5.6900,0
2026-03-10,09:20:00,HIMZ,S,563,2.3200,0
2026-03-10,09:45:00,HIMZ,B,281,2.2272,0
2026-03-10,09:45:00,HIMZ,B,282,2.2396,0
2026-03-11,08:41:00,NVTS,B,270,9.2400,0
2026-03-11,08:56:00,NVTS,S,135,9.6096,0
2026-03-11,08:56:00,NVTS,S,135,9.6776,0
2026-03-11,08:41:00,PBR,B,133,18.7200,0
2026-03-11,15:00:00,PBR,S,133,18.9950,0
2026-03-11,08:42:00,HIMZ,B,526,2.5500,0
2026-03-11,09:17:00,HIMZ,S,263,2.6520,0
2026-03-11,09:17:00,HIMZ,S,263,2.6545,0
2026-03-11,08:43:00,PATH,S,208,11.9250,0
2026-03-11,14:48:00,PATH,B,208,12.2400,0
2026-03-11,08:48:00,KOS,B,1269,1.9700,0
2026-03-11,13:45:00,KOS,S,634,2.0488,0
2026-03-11,13:45:00,KOS,S,635,2.0295,0
2026-03-11,08:52:00,WIT,B,1012,2.4750,0
2026-03-11,09:48:00,WIT,S,1012,2.4150,0
2026-03-11,09:06:00,NVTS,B,250,10.0000,0
2026-03-11,09:23:00,NVTS,S,125,10.4000,0
2026-03-11,09:23:00,NVTS,S,125,10.3100,0
2026-03-12,08:41:00,TZA,S,350,7.1200,0
2026-03-12,08:47:00,TZA,B,350,7.2300,0
2026-03-12,08:41:00,PATH,B,221,11.3900,0
2026-03-12,09:16:00,PATH,S,110,11.8456,0
2026-03-12,09:16:00,PATH,S,111,11.7811,0
2026-03-12,08:41:00,PINS,S,132,18.8500,0
2026-03-12,15:00:00,PINS,B,66,18.0960,0
2026-03-12,15:00:00,PINS,B,66,18.1000,0
2026-03-12,08:42:00,SOXL,S,47,52.8300,0
2026-03-12,09:00:00,SOXL,B,23,50.7168,0
2026-03-12,09:00:00,SOXL,B,24,51.0083,0
2026-03-12,08:42:00,CCL,S,101,24.6200,0
2026-03-12,15:00:00,CCL,B,101,23.9200,0
2026-03-12,08:42:00,INTC,S,53,46.6900,0
2026-03-12,15:00:00,INTC,B,53,45.2500,0
2026-03-12,08:45:00,HIMZ,S,784,2.7000,0
2026-03-12,09:00:00,HIMZ,B,392,2.5920,0
2026-03-12,09:00:00,HIMZ,B,392,2.6420,0
2026-03-12,08:46:00,TQQQ,S,52,47.8500,0
2026-03-12,15:00:00,TQQQ,B,52,46.8000,0
2026-03-12,08:47:00,BMNU,S,1196,2.0700,0
2026-03-12,09:46:00,BMNU,B,598,1.9872,0
2026-03-12,09:46:00,BMNU,B,598,1.9968,0
2026-03-12,08:47:00,TSLL,S,170,14.6200,0
2026-03-12,10:24:00,TSLL,B,85,14.0352,0
2026-03-12,10:24:00,TSLL,B,85,14.1762,0
2026-03-12,08:47:00,TSLG,S,347,7.1150,0
2026-03-12,15:00:00,TSLG,B,347,6.8700,0
2026-03-12,08:47:00,TSDD,B,275,9.1300,0
2026-03-12,15:00:00,TSDD,S,275,9.4400,0
2026-03-12,08:53:00,KOS,B,1190,2.1250,0
2026-03-12,09:51:00,KOS,S,595,2.2100,0
2026-03-12,09:51:00,KOS,S,595,2.2188,0
2026-03-12,08:56:00,TZA,B,344,7.2700,0
2026-03-12,09:02:00,TZA,S,344,7.1500,0
2026-03-12,08:57:00,BBD,S,679,3.6800,0
2026-03-12,09:00:00,BBD,B,679,3.7100,0
2026-03-12,09:33:00,SOXL,S,49,50.4800,0
2026-03-12,15:00:00,SOXL,B,49,50.3300,0
2026-03-12,09:51:00,BBD,S,679,3.6750,0
2026-03-12,11:39:00,BBD,B,679,3.7100,0
2026-03-12,10:20:00,KOS,B,1113,2.2450,0
2026-03-12,10:34:00,KOS,S,1113,2.2200,0
2026-03-12,14:41:00,HIMZ,S,1070,2.3300,0
2026-03-12,15:00:00,HIMZ,B,1070,2.3100,0
2026-03-13,08:41:00,NIO,B,431,5.8500,0
2026-03-13,15:00:00,NIO,S,431,5.8600,0
2026-03-13,08:43:00,BIAF,B,519,2.1800,0
2026-03-13,08:43:00,BIAF,S,259,2.2672,0
2026-03-13,08:43:00,BIAF,S,260,2.3682,0
2026-03-13,08:44:00,HIMZ,B,1059,2.4100,0
2026-03-13,09:52:00,HIMZ,S,1059,2.2700,0
2026-03-13,08:51:00,BIAF,B,1041,2.4000,0
2026-03-13,09:13:00,BIAF,S,520,2.4960,0
2026-03-13,09:13:00,BIAF,S,521,2.5855,0
2026-03-13,08:51:00,MARA,B,266,9.3800,0
2026-03-13,09:36:00,MARA,S,133,9.7552,0
2026-03-13,09:36:00,MARA,S,133,9.8012,0
2026-03-13,09:39:00,MARA,B,252,9.8950,0
2026-03-13,09:42:00,MARA,S,252,9.8000,0
2026-03-16,08:41:00,ETHA,B,143,17.3900,0
2026-03-16,08:53:00,ETHA,S,143,17.2000,0
2026-03-16,08:42:00,CTMX,B,245,6.8900,0
2026-03-16,08:46:00,CTMX,S,122,7.1656,0
2026-03-16,08:46:00,CTMX,S,123,7.1811,0
2026-03-16,08:43:00,NOK,B,295,8.4500,0
2026-03-16,14:05:00,NOK,S,147,8.7880,0
2026-03-16,14:05:00,NOK,S,148,8.7355,0
2026-03-16,08:52:00,MSTX,S,909,2.7200,0
2026-03-16,09:02:00,MSTX,B,909,2.7900,0
2026-03-16,08:56:00,CPNG,B,124,20.0750,0
2026-03-16,15:00:00,CPNG,S,124,20.4700,0
2026-03-16,09:02:00,BMNR,B,108,23.0700,0
2026-03-16,15:00:00,BMNR,S,108,23.3800,0
2026-03-16,09:03:00,BMNU,B,996,2.5250,0
2026-03-16,15:00:00,BMNU,S,996,2.5700,0
2026-03-16,09:07:00,BMNG,B,1445,1.7300,0
2026-03-16,15:00:00,BMNG,S,1445,1.7700,0
2026-03-16,09:18:00,MSTX,B,886,2.8200,0
2026-03-16,09:25:00,MSTX,S,886,2.8000,0
2026-03-16,13:24:00,ETHA,B,141,17.6850,0
2026-03-16,13:51:00,ETHA,S,141,17.6100,0
2026-03-17,08:42:00,RIG,S,396,6.2950,0
2026-03-17,08:52:00,RIG,B,396,6.3400,0
2026-03-17,08:43:00,TME,B,193,12.9350,0
2026-03-17,09:38:00,TME,S,193,12.2600,0
2026-03-17,08:44:00,ONDS,B,235,10.6900,0
2026-03-17,13:21:00,ONDS,S,117,11.1176,0
2026-03-17,13:21:00,ONDS,S,118,11.0531,0
2026-03-17,08:45:00,NBIS,S,21,117.3200,0
2026-03-17,15:00:00,NBIS,B,21,116.2750,0
2026-03-17,09:03:00,NFE,B,2212,1.1400,0
2026-03-17,11:50:00,NFE,S,1106,1.1856,0
2026-03-17,11:50:00,NFE,S,1106,1.2336,0
2026-03-17,09:10:00,RIG,B,390,6.4100,0
2026-03-17,09:12:00,RIG,S,390,6.3800,0
2026-03-17,10:09:00,TME,S,207,12.0550,0
2026-03-17,15:00:00,TME,B,103,11.5728,0
2026-03-17,15:00:00,TME,B,104,11.3700,0
2026-03-18,08:43:00,VG,S,189,13.2250,0
2026-03-18,10:15:00,VG,B,189,13.5000,0
2026-03-18,08:45:00,UVIX,B,317,7.8800,0
2026-03-18,09:33:00,UVIX,S,158,8.1952,0
2026-03-18,09:33:00,UVIX,S,159,8.2057,0
2026-03-18,08:47:00,BMNU,B,1061,2.3800,0
2026-03-18,09:40:00,BMNU,S,1061,2.2750,0
2026-03-18,08:52:00,BMNG,B,1533,1.6300,0
2026-03-18,09:30:00,BMNG,S,1533,1.5800,0
2026-03-18,08:53:00,IAUX,S,1712,1.4550,0
2026-03-18,11:46:00,IAUX,B,856,1.3968,0
2026-03-18,11:46:00,IAUX,B,856,1.3546,0
2026-03-18,08:54:00,AIM,S,454,1.1100,0
2026-03-18,08:56:00,AIM,B,227,1.0656,0
2026-03-18,08:56:00,AIM,B,227,1.0661,0
2026-03-18,08:57:00,GDX,S,28,88.7300,0
2026-03-18,15:00:00,GDX,B,28,88.1400,0
2026-03-18,09:14:00,MSTX,S,936,2.6500,0
2026-03-18,11:46:00,MSTX,B,468,2.5440,0
2026-03-18,11:46:00,MSTX,B,468,2.5565,0
2026-03-18,11:34:00,BMNU,S,1126,2.2200,0
2026-03-18,12:38:00,BMNU,B,1126,2.2800,0
2026-03-18,13:40:00,UVIX,B,297,8.4000,0
2026-03-18,15:00:00,UVIX,S,297,8.6100,0
2026-03-18,14:30:00,VG,B,173,14.4500,0
2026-03-18,14:49:00,VG,S,86,15.0280,0
2026-03-18,14:49:00,VG,S,87,14.8955,0
2026-03-18,14:52:00,BMNG,S,1666,1.4900,0
2026-03-18,15:00:00,BMNG,B,1666,1.4950,0
2026-03-19,08:41:00,GDX,S,31,80.4050,0
2026-03-19,09:00:00,GDX,B,31,82.1600,0
2026-03-19,08:41:00,KOS,B,931,2.6900,0
2026-03-19,09:17:00,KOS,S,465,2.7976,0
2026-03-19,09:17:00,KOS,S,466,2.7731,0
2026-03-19,08:41:00,BTG,S,603,4.1300,0
2026-03-19,15:00:00,BTG,B,603,4.2100,0
2026-03-19,08:42:00,UVIX,S,269,9.2500,0
2026-03-19,09:00:00,UVIX,B,134,8.8800,0
2026-03-19,09:00:00,UVIX,B,135,8.9325,0
2026-03-19,08:53:00,TSLG,B,388,6.4500,0
2026-03-19,13:48:00,TSLG,S,388,6.3250,0
2026-03-19,09:51:00,UVIX,S,288,8.6800,0
2026-03-19,13:28:00,UVIX,B,144,8.3328,0
2026-03-19,13:28:00,UVIX,B,144,8.2768,0
2026-03-19,13:49:00,TSDD,B,245,10.2100,0
2026-03-19,15:00:00,TSDD,S,245,10.1600,0
2026-03-19,13:49:00,TSLL,S,193,12.8900,0
2026-03-19,15:00:00,TSLL,B,193,12.9700,0
2026-03-19,14:00:00,KOS,B,846,2.9550,0
2026-03-19,14:09:00,KOS,S,846,2.9150,0
2026-03-20,08:41:00,RKT,S,175,14.2200,0
2026-03-20,14:15:00,RKT,B,87,13.6512,0
2026-03-20,14:15:00,RKT,B,88,13.5822,0
2026-03-20,08:41:00,AGNC,S,245,10.1750,0
2026-03-20,14:39:00,AGNC,B,122,9.7680,0
2026-03-20,14:39:00,AGNC,B,123,9.8418,0
2026-03-20,08:42:00,VG,B,165,15.3000,0
2026-03-20,10:40:00,VG,S,82,15.9120,0
2026-03-20,10:40:00,VG,S,83,15.7670,0
2026-03-20,08:44:00,SMCI,B,109,23.0200,0
2026-03-20,11:52:00,SMCI,S,109,21.8500,0
2026-03-20,08:44:00,NIO,S,438,5.7050,0
2026-03-20,15:00:00,NIO,B,219,5.4768,0
2026-03-20,15:00:00,NIO,B,219,5.4400,0
2026-03-20,08:50:00,BTG,S,601,4.1300,0
2026-03-20,14:39:00,BTG,B,300,3.9648,0
2026-03-20,14:39:00,BTG,B,301,3.9213,0
2026-03-20,08:51:00,TQQQ,S,56,44.5300,0
2026-03-20,14:44:00,TQQQ,B,28,42.7488,0
2026-03-20,14:44:00,TQQQ,B,28,42.7453,0
2026-03-20,08:52:00,DNN,S,719,3.4500,0
2026-03-20,14:31:00,DNN,B,359,3.3120,0
2026-03-20,14:31:00,DNN,B,360,3.3095,0
2026-03-20,08:52:00,TSLL,S,200,12.4750,0
2026-03-20,14:53:00,TSLL,B,100,11.9760,0
2026-03-20,14:53:00,TSLL,B,100,12.0048,0
2026-03-20,08:53:00,TSDD,B,237,10.5500,0
2026-03-20,14:54:00,TSDD,S,118,10.9720,0
2026-03-20,14:54:00,TSDD,S,119,10.8945,0
2026-03-20,08:54:00,NVD,B,333,7.5000,0
2026-03-20,14:45:00,NVD,S,166,7.8000,0
2026-03-20,14:45:00,NVD,S,167,7.8350,0
2026-03-20,08:54:00,TSLG,S,409,6.0700,0
2026-03-20,14:54:00,TSLG,B,204,5.8272,0
2026-03-20,14:54:00,TSLG,B,205,5.8707,0
2026-03-20,08:58:00,TZA,B,336,7.4400,0
2026-03-20,14:52:00,TZA,S,168,7.7376,0
2026-03-20,14:52:00,TZA,S,168,7.7956,0
2026-03-20,09:09:00,PLUG,S,1043,2.3850,0
2026-03-20,12:55:00,PLUG,B,521,2.2896,0
2026-03-20,12:55:00,PLUG,B,522,2.3038,0
2026-03-20,13:03:00,SMCI,S,116,21.4150,0
2026-03-20,13:13:00,SMCI,B,116,21.4800,0
2026-03-23,08:41:00,NU,B,173,14.3850,0
2026-03-23,15:00:00,NU,S,173,14.6850,0
2026-03-23,08:41:00,TSLL,B,194,12.8800,0
2026-03-23,15:00:00,TSLL,S,194,12.9700,0
2026-03-23,08:42:00,TZA,S,348,7.1400,0
2026-03-23,10:20:00,TZA,B,174,6.8544,0
2026-03-23,10:20:00,TZA,B,174,6.9214,0
2026-03-23,08:42:00,TSDD,S,246,10.0600,0
2026-03-23,15:00:00,TSDD,B,246,10.0600,0
2026-03-23,08:44:00,OPEN,B,492,5.0900,0
2026-03-23,09:27:00,OPEN,S,246,5.2936,0
2026-03-23,09:27:00,OPEN,S,246,5.2541,0
2026-03-23,08:46:00,ONDS,S,248,10.0550,0
2026-03-23,09:29:00,ONDS,B,248,10.2900,0
2026-03-23,08:50:00,FCX,B,45,54.4900,0
2026-03-23,15:00:00,FCX,S,45,54.9550,0
2026-03-23,08:53:00,NIO,B,440,5.6800,0
2026-03-23,15:00:00,NIO,S,440,5.8200,0
2026-03-23,08:59:00,PLTD,S,355,7.0300,0
2026-03-23,10:59:00,PLTD,B,355,7.1700,0
2026-03-23,09:37:00,ONDS,B,242,10.3500,0
2026-03-23,10:56:00,ONDS,S,242,10.2500,0
2026-03-24,08:43:00,IBRX,S,326,7.6600,0
2026-03-24,08:44:00,IBRX,B,163,7.3536,0
2026-03-24,08:44:00,IBRX,B,163,7.0266,0
2026-03-24,08:46:00,FEED,S,555,2.0000,0
2026-03-24,09:20:00,FEED,B,277,1.9200,0
2026-03-24,09:20:00,FEED,B,278,2.0000,0
2026-03-24,08:48:00,HPE,B,111,22.3500,0
2026-03-24,11:05:00,HPE,S,55,23.2440,0
2026-03-24,11:05:00,HPE,S,56,23.2065,0
2026-03-24,08:51:00,BMNG,S,1760,1.4050,0
2026-03-24,13:00:00,BMNG,B,880,1.3488,0
2026-03-24,13:00:00,BMNG,B,880,1.3440,0
2026-03-24,08:56:00,TTD,S,106,23.4300,0
2026-03-24,10:25:00,TTD,B,53,22.4928,0
2026-03-24,10:25:00,TTD,B,53,22.6143,0
2026-03-24,13:32:00,HPE,B,105,23.6300,0
2026-03-24,14:16:00,HPE,S,105,23.5850,0
2026-03-25,08:43:00,HPE,B,98,25.5050,0
2026-03-25,15:00:00,HPE,S,98,25.7900,0
2026-03-25,08:51:00,INTC,S,54,45.6800,0
2026-03-25,09:16:00,INTC,B,54,46.5950,0
2026-03-25,09:13:00,AMDD,S,297,8.4100,0
2026-03-25,15:00:00,AMDD,B,297,8.3300,0
2026-03-25,09:21:00,TERN,B,47,52.6750,0
2026-03-25,15:00:00,TERN,S,47,52.8700,0
2026-03-25,09:41:00,INTC,B,52,47.2800,0
2026-03-25,15:00:00,INTC,S,52,47.2000,0
2026-03-25,10:10:00,JBLU,S,584,4.2700,0
2026-03-25,11:31:00,JBLU,B,584,4.4050,0
2026-03-25,13:42:00,JBLU,B,502,4.9800,0
2026-03-25,13:47:00,JBLU,S,502,4.9350,0
2026-03-26,08:42:00,SOXL,S,46,53.0150,0
2026-03-26,12:12:00,SOXL,B,23,50.8944,0
2026-03-26,12:12:00,SOXL,B,23,51.0602,0
2026-03-26,08:42:00,SOXS,B,65,38.6150,0
2026-03-26,12:13:00,SOXS,S,32,40.1596,0
2026-03-26,12:13:00,SOXS,S,33,39.8239,0
2026-03-26,08:42:00,INTC,S,54,45.5800,0
2026-03-26,15:00:00,INTC,B,54,44.1000,0
2026-03-26,08:44:00,TSLL,B,192,12.9700,0
2026-03-26,09:52:00,TSLL,S,192,12.7500,0
2026-03-26,08:45:00,TQQQ,B,57,43.2300,0
2026-03-26,09:55:00,TQQQ,S,57,42.7500,0
2026-03-26,08:46:00,BMNG,B,1879,1.3500,0
2026-03-26,09:11:00,BMNG,S,1879,1.3100,0
2026-03-26,08:46:00,SNAP,B,563,4.4500,0
2026-03-26,09:42:00,SNAP,S,563,4.3800,0
2026-03-26,08:46:00,TZA,S,359,6.8700,0
2026-03-26,11:28:00,TZA,B,359,7.0100,0
2026-03-26,08:48:00,BMNU,B,1295,1.9500,0
2026-03-26,09:13:00,BMNU,S,1295,1.8900,0
2026-03-26,09:11:00,NVD,B,329,7.6000,0
2026-03-26,15:00:00,NVD,S,164,7.9040,0
2026-03-26,15:00:00,NVD,S,165,7.9100,0
2026-03-26,10:14:00,BMNU,S,1336,1.8700,0
2026-03-26,13:14:00,BMNU,B,668,1.7952,0
2026-03-26,13:14:00,BMNU,B,668,1.8087,0
2026-03-26,11:17:00,TQQQ,S,58,42.6000,0
2026-03-26,15:00:00,TQQQ,B,58,41.2600,0
2026-03-26,13:16:00,TSLL,S,201,12.4300,0
2026-03-26,13:23:00,TSLL,B,201,12.4800,0
2026-03-26,14:31:00,SOXL,S,50,49.4400,0
2026-03-26,15:00:00,SOXL,B,50,49.1900,0
2026-03-26,14:31:00,SOXS,B,61,40.9000,0
2026-03-26,15:00:00,SOXS,S,61,41.2300,0
2026-03-26,14:59:00,TZA,B,350,7.1400,0
2026-03-26,15:00:00,TZA,S,350,7.1250,0
2026-03-27,08:41:00,TSLL,S,214,11.6800,0
2026-03-27,08:45:00,TSLL,B,214,11.7700,0
2026-03-27,08:47:00,TZA,S,345,7.2300,0
2026-03-27,08:52:00,TZA,B,345,7.3200,0
2026-03-27,08:50:00,U,S,132,18.8800,0
2026-03-27,15:00:00,U,B,132,19.4500,0
2026-03-27,08:52:00,BMNR,S,132,18.8800,0
2026-03-27,15:00:00,BMNR,B,132,18.4100,0
2026-03-27,08:53:00,BMNU,S,1524,1.6200,0
2026-03-27,09:50:00,BMNU,B,762,1.5552,0
2026-03-27,09:50:00,BMNU,B,762,1.5662,0
2026-03-27,08:54:00,TQQQ,S,62,39.9250,0
2026-03-27,15:00:00,TQQQ,B,62,38.6800,0
2026-03-27,08:55:00,TSDD,B,227,11.0300,0
2026-03-27,15:00:00,TSDD,S,227,11.0900,0
2026-03-27,09:20:00,BMNG,S,2272,1.1000,0
2026-03-27,10:52:00,BMNG,B,2272,1.1200,0
2026-03-30,08:41:00,SOXL,S,54,45.0200,0
2026-03-30,09:00:00,SOXL,B,27,43.2192,0
2026-03-30,09:00:00,SOXL,B,27,43.6002,0
2026-03-30,08:41:00,SOXS,B,56,44.6250,0
2026-03-30,09:35:00,SOXS,S,28,46.4100,0
2026-03-30,09:35:00,SOXS,S,28,46.3238,0
2026-03-30,08:45:00,FRMI,S,526,4.7150,0
2026-03-30,09:48:00,FRMI,B,526,5.0850,0
2026-03-30,08:46:00,BSX,S,38,64.1800,0
2026-03-30,10:54:00,BSX,B,19,61.6128,0
2026-03-30,10:54:00,BSX,B,19,61.8868,0
2026-03-30,08:51:00,CRWG,S,1111,2.0700,0
2026-03-30,09:00:00,CRWG,B,555,1.9872,0
2026-03-30,09:00:00,CRWG,B,556,2.0007,0
2026-03-30,09:20:00,CRWG,S,1262,1.9750,0
2026-03-30,09:46:00,CRWG,B,631,1.8960,0
2026-03-30,09:46:00,CRWG,B,631,1.9030,0
2026-03-30,09:41:00,SOXL,S,58,42.5500,0
2026-03-30,10:00:00,SOXL,B,58,43.1600,0
2026-03-30,14:05:00,SOXS,B,51,49.0150,0
2026-03-30,14:55:00,SOXS,S,51,48.7500,0
2026-03-31,08:41:00,NIO,B,445,5.6200,0
2026-03-31,10:01:00,NIO,S,222,5.8448,0
2026-03-31,10:01:00,NIO,S,223,5.9288,0
2026-03-31,08:41:00,CDE,B,145,17.1700,0
2026-03-31,11:42:00,CDE,S,72,17.8568,0
2026-03-31,11:42:00,CDE,S,73,17.9883,0
2026-03-31,08:41:00,VG,B,155,16.1100,0
2026-03-31,12:07:00,VG,S,155,15.6050,0
2026-03-31,08:41:00,TSLL,B,213,11.7400,0
2026-03-31,12:25:00,TSLL,S,106,12.2096,0
2026-03-31,12:25:00,TSLL,S,107,12.0926,0
2026-03-31,08:41:00,NVDA,B,14,168.7200,0
2026-03-31,15:00:00,NVDA,S,14,174.4100,0
2026-03-31,08:42:00,TQQQ,B,63,39.4500,0
2026-03-31,09:55:00,TQQQ,S,63,39.1150,0
2026-03-31,08:42:00,TSDD,S,229,10.9000,0
2026-03-31,09:56:00,TSDD,B,229,11.0500,0
2026-03-31,08:42:00,NU,B,180,13.8350,0
2026-03-31,15:00:00,NU,S,90,14.3884,0
2026-03-31,15:00:00,NU,S,90,14.3800,0
2026-03-31,08:43:00,TZA,S,336,7.4200,0
2026-03-31,09:48:00,TZA,B,336,7.5100,0
2026-03-31,08:44:00,SNAP,B,605,4.1450,0
2026-03-31,09:50:00,SNAP,S,302,4.3108,0
2026-03-31,09:50:00,SNAP,S,303,4.4785,0
2026-03-31,08:49:00,RKT,B,180,13.8250,0
2026-03-31,11:44:00,RKT,S,90,14.3780,0
2026-03-31,11:44:00,RKT,S,90,14.2968,0
2026-03-31,08:50:00,SOXL,B,57,43.7900,0
2026-03-31,11:40:00,SOXL,S,28,45.5416,0
2026-03-31,11:40:00,SOXL,S,29,45.1421,0
2026-03-31,08:50:00,NVD,S,307,8.1100,0
2026-03-31,11:49:00,NVD,B,153,7.7856,0
2026-03-31,11:49:00,NVD,B,154,7.7111,0
2026-03-31,08:52:00,INTC,B,59,42.1050,0
2026-03-31,15:00:00,INTC,S,29,43.7892,0
2026-03-31,15:00:00,INTC,S,30,44.1300,0
2026-03-31,08:55:00,TSLG,B,433,5.7900,0
2026-03-31,09:07:00,TSLG,S,433,5.7050,0
2026-03-31,08:55:00,PLTD,S,318,7.8300,0
2026-03-31,12:38:00,PLTD,B,159,7.5168,0
2026-03-31,12:38:00,PLTD,B,159,7.4983,0
2026-03-31,09:15:00,BMNU,B,1557,1.6200,0
2026-03-31,09:51:00,BMNU,S,1557,1.5600,0
2026-03-31,10:23:00,NIO,B,414,6.0300,0
2026-03-31,10:27:00,NIO,S,414,5.9800,0
2026-03-31,13:14:00,CDE,B,134,18.5250,0
2026-03-31,15:00:00,CDE,S,134,18.7800,0
2026-03-31,13:37:00,BMNU,B,1420,1.7600,0
2026-03-31,15:00:00,BMNU,S,1420,1.7600,0
2026-03-31,13:50:00,LUMN,B,361,6.9150,0
2026-03-31,14:33:00,LUMN,S,361,6.8650,0
2026-03-31,13:51:00,SOXL,B,52,47.4150,0
2026-03-31,15:00:00,SOXL,S,52,47.8900,0
2026-03-31,14:11:00,NVD,S,329,7.5900,0
2026-03-31,15:00:00,NVD,B,329,7.5600,0
2026-03-31,14:21:00,TQQQ,B,60,41.6600,0
2026-03-31,15:00:00,TQQQ,S,60,41.7100,0
2026-04-01,08:41:00,CYCN,B,187,7.3500,0
2026-04-01,08:46:00,CYCN,S,93,7.6440,0
2026-04-01,08:46:00,CYCN,S,94,7.7965,0
2026-04-01,08:42:00,NKE,S,54,45.7850,0
2026-04-01,15:00:00,NKE,B,54,44.6250,0
2026-04-01,08:44:00,TSLL,S,201,12.3500,0
2026-04-01,09:30:00,TSLL,B,201,12.6050,0
2026-04-01,08:49:00,SNAP,S,539,4.6200,0
2026-04-01,09:41:00,SNAP,B,539,4.7650,0
2026-04-01,08:50:00,INTC,B,53,47.1300,0
2026-04-01,15:00:00,INTC,S,53,48.0200,0
2026-04-01,08:54:00,TSLG,S,409,6.0900,0
2026-04-01,09:22:00,TSLG,B,409,6.1800,0
2026-04-01,08:54:00,VG,S,165,15.0600,0
2026-04-01,12:33:00,VG,B,82,14.4576,0
2026-04-01,12:33:00,VG,B,83,14.3756,0
2026-04-01,09:16:00,SVC,B,2083,1.2050,0
2026-04-01,14:56:00,SVC,S,2083,1.1750,0
2026-04-01,09:39:00,TSLL,B,198,12.6300,0
2026-04-01,13:24:00,TSLL,S,198,12.5100,0
2026-04-01,09:43:00,BTG,B,529,4.7250,0
2026-04-01,15:00:00,BTG,S,529,4.8400,0
2026-04-01,09:54:00,SNAP,B,520,4.8050,0
2026-04-01,10:04:00,SNAP,S,520,4.7700,0
2026-04-02,08:42:00,TSLL,B,211,11.8250,0
2026-04-02,09:02:00,TSLL,S,211,11.5950,0
2026-04-02,08:42:00,TSDD,S,235,10.6300,0
2026-04-02,09:02:00,TSDD,B,235,10.8050,0
2026-04-02,08:45:00,PLUG,B,1106,2.2700,0
2026-04-02,09:41:00,PLUG,S,553,2.3608,0
2026-04-02,09:41:00,PLUG,S,553,2.3773,0
2026-04-02,08:47:00,NOK,B,307,8.1500,0
2026-04-02,14:03:00,NOK,S,153,8.4760,0
2026-04-02,14:03:00,NOK,S,154,8.7135,0
2026-04-02,08:48:00,SNAP,S,532,4.6950,0
2026-04-02,09:36:00,SNAP,B,532,4.8050,0
2026-04-02,08:50:00,COCP,S,416,1.5100,0
2026-04-02,09:50:00,COCP,B,208,1.4496,0
2026-04-02,09:50:00,COCP,B,208,1.4564,0
2026-04-02,09:01:00,SVC,S,2109,1.1850,0
2026-04-02,13:03:00,SVC,B,2109,1.2200,0
2026-04-02,09:14:00,TSLG,B,428,5.8500,0
2026-04-02,11:31:00,TSLG,S,428,5.7100,0
2026-04-02,10:05:00,PLUG,B,1035,2.4150,0
2026-04-02,10:21:00,PLUG,S,1035,2.3850,0
2026-04-02,13:03:00,TSDD,B,226,11.0300,0
2026-04-02,13:06:00,TSDD,S,226,10.9900,0
2026-04-02,13:20:00,TSLL,S,221,11.3000,0
2026-04-02,13:41:00,TSLL,B,221,11.3700,0
2026-04-02,14:21:00,TSLG,S,449,5.5600,0
2026-04-02,14:50:00,TSLG,B,449,5.6100,0
2026-04-06,08:45:00,EVTL,S,1046,2.3800,0
2026-04-06,08:52:00,EVTL,B,1046,2.4300,0
2026-04-06,08:45:00,CRML,S,298,8.3000,0
2026-04-06,15:00:00,CRML,B,298,8.1050,0
2026-04-06,09:05:00,IMAX,S,62,39.7500,0
2026-04-06,15:00:00,IMAX,B,62,39.3300,0
2026-04-06,09:06:00,EVTL,S,1057,2.3600,0
2026-04-06,15:00:00,EVTL,B,1057,2.3200,0
2026-04-06,09:08:00,VOR,S,144,17.2200,0
2026-04-06,12:18:00,VOR,B,72,16.5312,0
2026-04-06,12:18:00,VOR,B,72,16.5822,0
2026-04-06,09:13:00,RPAY,S,957,2.6050,0
2026-04-06,10:17:00,RPAY,B,957,2.6600,0
2026-04-06,09:15:00,MRLN,S,222,7.3700,0
2026-04-06,09:48:00,MRLN,B,111,7.0752,0
2026-04-06,09:48:00,MRLN,B,111,7.1237,0
2026-04-06,09:19:00,ACHV,S,781,3.1700,0
2026-04-06,10:03:00,ACHV,B,781,3.2700,0
2026-04-06,09:21:00,CADL,B,486,5.1550,0
2026-04-06,10:02:00,CADL,S,486,5.1150,0
2026-04-06,09:22:00,NN,S,150,16.5800,0
2026-04-06,15:00:00,NN,B,150,16.6200,0
2026-04-06,09:23:00,GRPN,B,210,11.9100,0
2026-04-06,15:00:00,GRPN,S,210,12.0600,0
2026-04-06,09:25:00,SPIR,S,157,15.6700,0
2026-04-06,11:01:00,SPIR,B,78,15.0432,0
2026-04-06,11:01:00,SPIR,B,79,15.1830,0
2026-04-06,09:52:00,LGN,S,45,54.8800,0
2026-04-06,15:00:00,LGN,B,45,55.0650,0
2026-04-06,10:13:00,FRMM,S,930,2.5200,0
2026-04-06,11:21:00,FRMM,B,465,2.4192,0
2026-04-06,11:21:00,FRMM,B,465,2.3402,0
2026-04-06,10:13:00,SHMD,S,499,5.0100,0
2026-04-06,15:00:00,SHMD,B,499,5.1400,0
2026-04-06,10:53:00,MRLN,S,354,7.0350,0
2026-04-06,11:02:00,MRLN,B,354,7.1600,0
2026-04-06,13:38:00,CAR,B,12,201.6300,0
2026-04-06,15:00:00,CAR,S,6,209.6952,0
2026-04-06,15:00:00,CAR,S,6,212.5650,0
2026-04-06,14:23:00,OPTX,S,279,8.8900,0
2026-04-06,15:00:00,OPTX,B,279,9.1300,0
2026-04-07,08:41:00,CETX,S,1000,1.5350,0
2026-04-07,08:44:00,CETX,B,500,1.4736,0
2026-04-07,08:44:00,CETX,B,500,1.4504,0
2026-04-07,08:46:00,PLUG,S,970,2.5750,0
2026-04-07,10:28:00,PLUG,B,485,2.4720,0
2026-04-07,10:28:00,PLUG,B,485,2.4907,0
2026-04-07,08:51:00,AIXI,S,1073,0.9749,0
2026-04-07,08:51:00,AIXI,B,536,0.9359,0
2026-04-07,08:51:00,AIXI,B,537,0.9380,0
2026-04-07,09:51:00,AIXI,B,952,1.5500,0
2026-04-07,09:56:00,AIXI,S,476,1.6120,0
2026-04-07,09:56:00,AIXI,S,476,1.5582,0
2026-04-08,08:41:00,PLUG,S,950,2.6250,0
2026-04-08,15:00:00,PLUG,B,950,2.6500,0
2026-04-08,08:41:00,AAL,S,210,11.8750,0
2026-04-08,15:00:00,AAL,B,105,11.4000,0
2026-04-08,15:00:00,AAL,B,105,11.4200,0
2026-04-08,08:42:00,WULF,S,142,17.4300,0
2026-04-08,11:50:00,WULF,B,142,18.0600,0
2026-04-08,08:42:00,EEM,S,41,60.6050,0
2026-04-08,15:00:00,EEM,B,41,60.4500,0
2026-04-08,08:42:00,NOK,B,270,9.2550,0
2026-04-08,15:00:00,NOK,S,270,9.4400,0
2026-04-08,08:43:00,BMNU,S,1210,2.0600,0
2026-04-08,10:00:00,BMNU,B,605,1.9776,0
2026-04-08,10:00:00,BMNU,B,605,1.9206,0
2026-04-08,08:43:00,INTC,B,44,56.0900,0
2026-04-08,13:33:00,INTC,S,22,58.3336,0
2026-04-08,13:33:00,INTC,S,22,58.6091,0
2026-04-08,08:44:00,OMEX,B,588,2.0800,0
2026-04-08,08:55:00,OMEX,S,588,1.7400,0
2026-04-08,08:45:00,VG,B,181,13.7500,0
2026-04-08,15:00:00,VG,S,90,14.3000,0
2026-04-08,15:00:00,VG,S,91,14.4350,0
2026-04-08,08:47:00,F,B,207,12.1050,0
2026-04-08,15:00:00,F,S,207,12.2000,0
2026-04-08,08:52:00,COMP,B,332,7.5200,0
2026-04-08,15:00:00,COMP,S,332,7.4500,0
2026-04-08,08:54:00,TZA,B,417,6.0100,0
2026-04-08,15:00:00,TZA,S,417,6.0450,0
2026-04-08,09:00:00,BMNG,S,1748,1.4100,0
2026-04-08,10:01:00,BMNG,B,874,1.3536,0
2026-04-08,10:01:00,BMNG,B,874,1.3341,0
2026-04-08,09:02:00,PLTD,B,340,7.4500,0
2026-04-08,15:00:00,PLTD,S,170,7.7480,0
2026-04-08,15:00:00,PLTD,S,170,7.7800,0
2026-04-08,09:39:00,CCL,S,88,28.2400,0
2026-04-08,15:00:00,CCL,B,88,28.0300,0
2026-04-09,08:43:00,NIO,S,382,6.5050,0
2026-04-09,10:52:00,NIO,B,191,6.2448,0
2026-04-09,10:52:00,NIO,B,191,6.0850,0
2026-04-09,08:44:00,EOSE,B,475,5.2550,0
2026-04-09,09:09:00,EOSE,S,237,5.4652,0
2026-04-09,09:09:00,EOSE,S,238,5.4275,0
2026-04-09,08:46:00,AMZN,B,11,225.6000,0
2026-04-09,15:00:00,AMZN,S,11,233.5300,0
2026-04-09,08:47:00,PLTD,B,306,8.2400,0
2026-04-09,15:00:00,PLTD,S,306,8.3600,0
2026-04-09,09:01:00,GGB,B,619,4.0450,0
2026-04-09,15:00:00,GGB,S,619,4.1900,0
2026-04-09,09:23:00,ONCO,B,909,1.7700,0
2026-04-09,09:25:00,ONCO,S,454,1.8408,0
2026-04-09,09:25:00,ONCO,S,455,1.8470,0
2026-04-09,09:37:00,ONCO,B,999,2.1000,0
2026-04-09,09:42:00,ONCO,S,499,2.1840,0
2026-04-09,09:42:00,ONCO,S,500,2.1736,0
2026-04-09,11:01:00,WULF,B,130,19.1800,0
2026-04-09,15:00:00,WULF,S,130,19.0250,0
2026-04-10,08:41:00,NOW,S,29,85.5200,0
2026-04-10,10:58:00,NOW,B,14,82.0992,0
2026-04-10,10:58:00,NOW,B,15,82.3652,0
2026-04-10,08:43:00,NIO,B,396,6.3400,0
2026-04-10,09:06:00,NIO,S,198,6.5936,0
2026-04-10,09:06:00,NIO,S,198,6.5316,0
2026-04-10,08:46:00,NVD,S,375,6.6200,0
2026-04-10,10:36:00,NVD,B,187,6.3552,0
2026-04-10,10:36:00,NVD,B,188,6.4162,0
2026-04-10,08:52:00,SMCL,B,1262,2.0100,0
2026-04-10,13:26:00,SMCL,S,631,2.0904,0
2026-04-10,13:26:00,SMCL,S,631,2.0799,0
2026-04-10,08:55:00,CRWG,B,684,3.7000,0
2026-04-10,09:25:00,CRWG,S,342,3.8480,0
2026-04-10,09:25:00,CRWG,S,342,3.8818,0
2026-04-10,09:24:00,IOVA,S,681,3.6650,0
2026-04-10,10:08:00,IOVA,B,681,3.9600,0
2026-04-10,09:31:00,CRWG,B,636,3.9300,0
2026-04-10,09:42:00,CRWG,S,318,4.0872,0
2026-04-10,09:42:00,CRWG,S,318,4.1338,0
2026-04-13,08:39:00,LEG,B,225,11.1000,0
2026-04-13,15:00:00,LEG,S,225,11.2400,0
2026-04-13,08:43:00,NOK,B,252,9.9000,0
2026-04-13,09:41:00,NOK,S,126,10.2960,0
2026-04-13,09:41:00,NOK,S,126,10.3410,0
2026-04-13,08:44:00,SNAP,B,517,4.8500,0
2026-04-13,15:00:00,SNAP,S,258,5.0440,0
2026-04-13,15:00:00,SNAP,S,259,5.1400,0
2026-04-13,08:47:00,HPQ,B,136,18.3700,0
2026-04-13,10:26:00,HPQ,S,68,19.1048,0
2026-04-13,10:26:00,HPQ,S,68,19.1363,0
2026-04-13,09:44:00,SMCL,B,1228,2.0500,0
2026-04-13,11:56:00,SMCL,S,614,2.1320,0
2026-04-13,11:56:00,SMCL,S,614,2.1545,0
2026-04-14,08:40:00,SMR,B,224,11.1200,0
2026-04-14,08:55:00,SMR,S,224,10.7200,0
2026-04-14,08:44:00,SNAL,B,998,0.9532,0
2026-04-14,08:46:00,SNAL,S,499,0.9913,0
2026-04-14,08:46:00,SNAL,S,499,1.0400,0
2026-04-14,08:44:00,OWL,B,281,8.9150,0
2026-04-14,14:58:00,OWL,S,140,9.2716,0
2026-04-14,14:58:00,OWL,S,141,9.1908,0
2026-04-14,08:45:00,IONQ,B,76,32.8900,0
2026-04-14,09:05:00,IONQ,S,38,34.2056,0
2026-04-14,09:05:00,IONQ,S,38,33.8204,0
2026-04-14,08:52:00,QBTS,B,158,15.9000,0
2026-04-14,09:26:00,QBTS,S,79,16.5360,0
2026-04-14,09:26:00,QBTS,S,79,16.7210,0
2026-04-14,08:52:00,NVD,S,405,6.1500,0
2026-04-14,15:00:00,NVD,B,405,5.9200,0
2026-04-14,08:53:00,TSLG,B,448,5.5800,0
2026-04-14,15:00:00,TSLG,S,448,5.6850,0
2026-04-14,08:55:00,JBLU,B,491,5.1000,0
2026-04-14,09:29:00,JBLU,S,245,5.3040,0
2026-04-14,09:29:00,JBLU,S,246,5.2790,0
2026-04-14,08:59:00,AAL,B,207,12.1150,0
2026-04-14,15:00:00,AAL,S,207,12.1350,0
2026-04-14,09:03:00,SNAP,S,477,5.2400,0
2026-04-14,12:24:00,SNAP,B,477,5.3700,0
2026-04-14,09:13:00,SMCL,B,1059,2.3900,0
2026-04-14,15:00:00,SMCL,S,1059,2.3800,0
2026-04-14,09:21:00,PLUG,B,847,2.9500,0
2026-04-14,12:04:00,PLUG,S,847,2.8850,0
2026-04-14,09:21:00,TSLL,B,220,11.3300,0
2026-04-14,15:00:00,TSLL,S,220,11.5300,0
2026-04-14,10:16:00,JBLU,B,469,5.3300,0
2026-04-14,12:03:00,JBLU,S,234,5.5432,0
2026-04-14,12:03:00,JBLU,S,235,5.5367,0
2026-04-14,13:19:00,SNAL,B,655,1.8750,0
2026-04-14,13:22:00,SNAL,S,327,1.9500,0
2026-04-14,13:22:00,SNAL,S,328,1.8750,0
2026-04-15,08:41:00,QBTS,B,133,18.7950,0
2026-04-15,09:01:00,QBTS,S,66,19.5468,0
2026-04-15,09:01:00,QBTS,S,67,19.3670,0
2026-04-15,08:41:00,RGTI,B,139,17.9900,0
2026-04-15,09:30:00,RGTI,S,69,18.7096,0
2026-04-15,09:30:00,RGTI,S,70,18.7301,0
2026-04-15,08:41:00,IONQ,B,63,39.9700,0
2026-04-15,09:33:00,IONQ,S,31,41.5688,0
2026-04-15,09:33:00,IONQ,S,32,41.6503,0
2026-04-15,08:42:00,TSLL,B,213,11.7200,0
2026-04-15,09:21:00,TSLL,S,106,12.1888,0
2026-04-15,09:21:00,TSLL,S,107,12.2628,0
2026-04-15,08:44:00,BMNU,S,1259,1.9800,0
2026-04-15,08:58:00,BMNU,B,1259,2.0600,0
2026-04-15,08:44:00,SNAP,S,425,5.8500,0
2026-04-15,10:26:00,SNAP,B,425,6.0950,0
2026-04-15,08:45:00,BMNG,S,1811,1.3700,0
2026-04-15,09:00:00,BMNG,B,1811,1.4300,0
2026-04-15,08:46:00,TSLG,B,431,5.7900,0
2026-04-15,09:21:00,TSLG,S,215,6.0216,0
2026-04-15,09:21:00,TSLG,S,216,6.0421,0
2026-04-15,09:04:00,WULF,S,127,19.5000,0
2026-04-15,15:00:00,WULF,B,127,19.6900,0
2026-04-15,09:11:00,OWL,B,258,9.7300,0
2026-04-15,15:00:00,OWL,S,258,9.9250,0
2026-04-15,09:14:00,QBTS,B,127,19.5550,0
2026-04-15,09:34:00,QBTS,S,63,20.3372,0
2026-04-15,09:34:00,QBTS,S,64,20.1994,0
2026-04-15,09:31:00,TSLG,B,409,6.1000,0
2026-04-15,10:47:00,TSLG,S,204,6.3440,0
2026-04-15,10:47:00,TSLG,S,205,6.5490,0
2026-04-15,09:53:00,TSLL,B,200,12.4600,0
2026-04-15,10:45:00,TSLL,S,100,12.9584,0
2026-04-15,10:45:00,TSLL,S,100,13.2954,0
2026-04-15,10:22:00,IONQ,B,59,42.2050,0
2026-04-15,10:25:00,IONQ,S,59,41.9800,0
2026-04-15,14:06:00,BMNU,B,1170,2.1400,0
2026-04-15,15:00:00,BMNU,S,1170,2.1900,0
2026-04-16,08:41:00,INTC,B,37,66.7700,0
2026-04-16,15:00:00,INTC,S,37,68.4800,0
2026-04-16,09:28:00,ONFO,B,283,1.7550,0
2026-04-16,09:34:00,ONFO,S,141,1.8252,0
2026-04-16,09:34:00,ONFO,S,142,1.7550,0
2026-04-16,09:47:00,AMDD,S,372,6.7000,0
2026-04-16,15:00:00,AMDD,B,372,6.4750,0
2026-04-16,10:24:00,HIMS,B,95,26.3450,0
2026-04-16,13:39:00,HIMS,S,47,27.3988,0
2026-04-16,13:39:00,HIMS,S,48,27.5366,0
2026-04-17,08:42:00,TZA,B,480,5.2100,0
2026-04-17,09:04:00,TZA,S,480,5.1600,0
2026-04-17,08:43:00,CIFR,S,146,17.0750,0
2026-04-17,11:10:00,CIFR,B,146,18.0000,0
2026-04-17,08:45:00,COMP,B,318,7.8500,0
2026-04-17,14:54:00,COMP,S,159,8.1640,0
2026-04-17,14:54:00,COMP,S,159,8.1515,0
2026-04-17,08:45:00,ERIC,S,214,11.6500,0
2026-04-17,15:00:00,ERIC,B,214,11.3800,0
2026-04-17,08:46:00,BMNG,B,1515,1.6700,0
2026-04-17,09:55:00,BMNG,S,757,1.7368,0
2026-04-17,09:55:00,BMNG,S,758,1.7333,0
2026-04-17,08:47:00,SOXS,B,127,19.6900,0
2026-04-17,09:08:00,SOXS,S,127,19.1850,0
2026-04-17,08:55:00,AMC,B,1488,1.6800,0
2026-04-17,10:01:00,AMC,S,744,1.7472,0
2026-04-17,10:01:00,AMC,S,744,1.7782,0
2026-04-17,09:00:00,RIG,S,419,5.9600,0
2026-04-17,09:12:00,RIG,B,419,5.9900,0
2026-04-17,09:02:00,DRIP,B,461,5.4300,0
2026-04-17,13:12:00,DRIP,S,461,5.2700,0
2026-04-17,09:11:00,CCL,B,83,29.9000,0
2026-04-17,15:00:00,CCL,S,83,29.2100,0
2026-04-17,09:38:00,TSLL,B,181,13.7700,0
2026-04-17,10:02:00,TSLL,S,90,14.3208,0
2026-04-17,10:02:00,TSLL,S,91,14.2123,0
2026-04-17,09:38:00,TSLG,B,369,6.8000,0
2026-04-17,10:43:00,TSLG,S,184,7.0720,0
2026-04-17,10:43:00,TSLG,S,185,7.0320,0
2026-04-17,09:39:00,TZA,S,495,5.0450,0
2026-04-17,10:00:00,TZA,B,495,5.0700,0
2026-04-17,09:41:00,SOXS,S,130,19.1100,0
2026-04-17,15:00:00,SOXS,B,130,18.8700,0
2026-04-17,09:58:00,NFLX,B,25,98.3900,0
2026-04-17,15:00:00,NFLX,S,25,97.2800,0
2026-04-17,10:15:00,AMC,B,1392,1.7950,0
2026-04-17,11:05:00,AMC,S,696,1.8668,0
2026-04-17,11:05:00,AMC,S,696,1.9121,0
2026-04-17,13:24:00,CIFR,B,134,18.5750,0
2026-04-17,13:37:00,CIFR,S,134,18.4800,0
